# This file uses centimeters as units for non-parametric coordinates.

mtllib e.g.,OrnatePillarV001.mtl
g default
v 0.583953 0.005024 -0.189738
v 0.496740 0.005024 -0.360903
v 0.360903 0.005024 -0.496740
v 0.189738 0.005024 -0.583953
v 0.000000 0.005024 -0.614004
v -0.189738 0.005024 -0.583953
v -0.360903 0.005024 -0.496740
v -0.496740 0.005024 -0.360903
v -0.583953 0.005024 -0.189738
v -0.614004 0.005024 0.000000
v -0.583953 0.005024 0.189738
v -0.496740 0.005024 0.360903
v -0.360903 0.005024 0.496740
v -0.189738 0.005024 0.583953
v -0.000000 0.005024 0.614004
v 0.189738 0.005024 0.583953
v 0.360903 0.005024 0.496740
v 0.496740 0.005024 0.360903
v 0.583953 0.005024 0.189738
v 0.614004 0.005024 0.000000
v 0.583953 6.700612 -0.189738
v 0.496740 6.700612 -0.360903
v 0.360903 6.700612 -0.496740
v 0.189738 6.700612 -0.583953
v 0.000000 6.700612 -0.614004
v -0.189738 6.700612 -0.583953
v -0.360903 6.700612 -0.496740
v -0.496740 6.700612 -0.360903
v -0.583953 6.700612 -0.189738
v -0.614004 6.700612 0.000000
v -0.583953 6.700612 0.189738
v -0.496740 6.700612 0.360903
v -0.360903 6.700612 0.496740
v -0.189738 6.700612 0.583953
v -0.000000 6.700612 0.614004
v 0.189738 6.700612 0.583953
v 0.360903 6.700612 0.496740
v 0.496740 6.700612 0.360903
v 0.583953 6.700612 0.189738
v 0.614004 6.700612 0.000000
v 0.000000 0.005024 0.000000
v 0.000000 6.700612 0.000000
v 0.522327 0.077554 -0.169714
v 0.549207 0.077554 0.000000
v 0.522327 0.077554 0.169714
v 0.444318 0.077554 0.322816
v 0.322816 0.077554 0.444318
v 0.169714 0.077554 0.522327
v -0.000000 0.077554 0.549207
v -0.169714 0.077554 0.522327
v -0.322816 0.077554 0.444318
v -0.444318 0.077554 0.322816
v -0.522327 0.077554 0.169714
v -0.549207 0.077554 0.000000
v -0.522327 0.077554 -0.169714
v -0.444318 0.077554 -0.322816
v -0.322816 0.077554 -0.444318
v -0.169714 0.077554 -0.522327
v 0.000000 0.077554 -0.549207
v 0.169714 0.077554 -0.522327
v 0.322816 0.077554 -0.444318
v 0.444318 0.077554 -0.322816
v 0.522327 6.632235 -0.169714
v 0.549207 6.632235 0.000000
v 0.522327 6.632235 0.169714
v 0.444318 6.632235 0.322816
v 0.322816 6.632235 0.444318
v 0.169714 6.632235 0.522327
v -0.000000 6.632235 0.549207
v -0.169714 6.632235 0.522327
v -0.322816 6.632235 0.444318
v -0.444318 6.632235 0.322816
v -0.522327 6.632235 0.169714
v -0.549207 6.632235 0.000000
v -0.522327 6.632235 -0.169714
v -0.444318 6.632235 -0.322816
v -0.322816 6.632235 -0.444318
v -0.169714 6.632235 -0.522327
v 0.000000 6.632235 -0.549207
v 0.169714 6.632235 -0.522327
v 0.322816 6.632235 -0.444318
v 0.444318 6.632235 -0.322816
v 0.522327 6.570647 -0.169714
v 0.549207 6.570647 0.000000
v 0.522327 6.570647 0.169714
v 0.444318 6.570647 0.322816
v 0.322816 6.570647 0.444318
v 0.169714 6.570647 0.522327
v -0.000000 6.570647 0.549207
v -0.169714 6.570647 0.522327
v -0.322816 6.570647 0.444318
v -0.444318 6.570647 0.322816
v -0.522327 6.570647 0.169714
v -0.549207 6.570647 0.000000
v -0.522327 6.570647 -0.169714
v -0.444318 6.570647 -0.322816
v -0.322816 6.570647 -0.444318
v -0.169714 6.570647 -0.522327
v 0.000000 6.570647 -0.549207
v 0.169714 6.570647 -0.522327
v 0.322816 6.570647 -0.444318
v 0.444318 6.570647 -0.322816
v 0.522327 0.153282 -0.169714
v 0.549207 0.153282 0.000000
v 0.522327 0.153282 0.169714
v 0.444318 0.153282 0.322816
v 0.322816 0.153282 0.444318
v 0.169714 0.153282 0.522327
v -0.000000 0.153282 0.549207
v -0.169714 0.153282 0.522327
v -0.322816 0.153282 0.444318
v -0.444318 0.153282 0.322816
v -0.522327 0.153282 0.169714
v -0.549207 0.153282 0.000000
v -0.522327 0.153282 -0.169714
v -0.444318 0.153282 -0.322816
v -0.322816 0.153282 -0.444318
v -0.169714 0.153282 -0.522327
v 0.000000 0.153282 -0.549207
v 0.169714 0.153282 -0.522327
v 0.322816 0.153282 -0.444318
v 0.444318 0.153282 -0.322816
v 0.522329 1.946698 -0.169715
v 0.549209 1.946698 -0.000000
v 0.522329 1.946698 0.169715
v 0.444319 1.946698 0.322817
v 0.322817 1.946698 0.444319
v 0.169715 1.946698 0.522328
v -0.000000 1.946698 0.549209
v -0.169715 1.946698 0.522329
v -0.322817 1.946698 0.444319
v -0.444319 1.946698 0.322817
v -0.522329 1.946698 0.169715
v -0.549209 1.946698 -0.000000
v -0.522329 1.946698 -0.169715
v -0.444319 1.946698 -0.322817
v -0.322817 1.946698 -0.444319
v -0.169715 1.946698 -0.522329
v 0.000000 1.946698 -0.549209
v 0.169715 1.946698 -0.522329
v 0.322817 1.946698 -0.444320
v 0.444320 1.946698 -0.322817
v 0.522327 4.980498 -0.169714
v 0.549207 4.980498 0.000000
v 0.522327 4.980498 0.169714
v 0.444318 4.980498 0.322816
v 0.322816 4.980498 0.444318
v 0.169714 4.980498 0.522327
v -0.000000 4.980498 0.549207
v -0.169714 4.980498 0.522327
v -0.322816 4.980498 0.444318
v -0.444318 4.980498 0.322816
v -0.522327 4.980498 0.169714
v -0.549207 4.980498 0.000000
v -0.522327 4.980498 -0.169714
v -0.444318 4.980498 -0.322816
v -0.322816 4.980498 -0.444318
v -0.169714 4.980498 -0.522327
v 0.000000 4.980498 -0.549207
v 0.169714 4.980498 -0.522327
v 0.322816 4.980498 -0.444318
v 0.444318 4.980498 -0.322816
v 0.553673 0.108346 -0.179899
v 0.524023 0.077554 -0.170266
v 0.550990 0.077554 -0.000000
v 0.582165 0.108346 0.000000
v 0.524023 0.153282 -0.170266
v 0.553673 0.122491 -0.179899
v 0.582165 0.122491 0.000000
v 0.550990 0.153282 -0.000000
v 0.524023 0.077554 0.170265
v 0.553672 0.108346 0.179899
v 0.553672 0.122491 0.179899
v 0.524023 0.153282 0.170265
v 0.445761 0.077554 0.323864
v 0.470982 0.108346 0.342188
v 0.470982 0.122491 0.342188
v 0.445761 0.153282 0.323864
v 0.323864 0.077554 0.445761
v 0.342188 0.108346 0.470982
v 0.342188 0.122491 0.470982
v 0.323864 0.153282 0.445761
v 0.170265 0.077554 0.524023
v 0.179899 0.108346 0.553672
v 0.179899 0.122491 0.553672
v 0.170265 0.153282 0.524023
v -0.000000 0.077554 0.550991
v -0.000000 0.108346 0.582165
v -0.000000 0.122491 0.582165
v -0.000000 0.153282 0.550990
v -0.170265 0.077554 0.524023
v -0.179899 0.108346 0.553672
v -0.179899 0.122491 0.553672
v -0.170265 0.153282 0.524023
v -0.323864 0.077554 0.445761
v -0.342188 0.108346 0.470982
v -0.342188 0.122491 0.470982
v -0.323864 0.153282 0.445761
v -0.445761 0.077554 0.323864
v -0.470982 0.108346 0.342188
v -0.470982 0.122491 0.342188
v -0.445761 0.153282 0.323864
v -0.524023 0.077554 0.170265
v -0.553672 0.108346 0.179899
v -0.553672 0.122491 0.179899
v -0.524023 0.153282 0.170265
v -0.550991 0.077554 0.000000
v -0.582165 0.108346 0.000000
v -0.582165 0.122491 0.000000
v -0.550990 0.153282 0.000000
v -0.524023 0.077554 -0.170265
v -0.553672 0.108346 -0.179899
v -0.553672 0.122491 -0.179899
v -0.524023 0.153282 -0.170265
v -0.445761 0.077554 -0.323864
v -0.470982 0.108346 -0.342188
v -0.470982 0.122491 -0.342188
v -0.445761 0.153282 -0.323864
v -0.323864 0.077554 -0.445761
v -0.342188 0.108346 -0.470982
v -0.342188 0.122491 -0.470982
v -0.323864 0.153282 -0.445761
v -0.170266 0.077554 -0.524023
v -0.179899 0.108346 -0.553672
v -0.179899 0.122491 -0.553672
v -0.170265 0.153282 -0.524023
v 0.000000 0.077554 -0.550991
v 0.000000 0.108346 -0.582166
v 0.000000 0.122491 -0.582166
v 0.000000 0.153282 -0.550991
v 0.170266 0.077554 -0.524023
v 0.179899 0.108346 -0.553672
v 0.179899 0.122491 -0.553673
v 0.170266 0.153282 -0.524023
v 0.323864 0.077554 -0.445761
v 0.342188 0.108346 -0.470982
v 0.342188 0.122491 -0.470982
v 0.323864 0.153282 -0.445761
v 0.445761 0.077554 -0.323864
v 0.470982 0.108346 -0.342188
v 0.470982 0.122491 -0.342188
v 0.445761 0.153282 -0.323864
v 0.553673 6.601441 -0.179899
v 0.524023 6.570647 -0.170266
v 0.550990 6.570647 -0.000000
v 0.582165 6.601441 0.000000
v 0.524023 6.632235 -0.170266
v 0.550990 6.632235 -0.000000
v 0.524023 6.570647 0.170265
v 0.553672 6.601441 0.179899
v 0.524023 6.632235 0.170265
v 0.445761 6.570647 0.323864
v 0.470982 6.601441 0.342188
v 0.445761 6.632235 0.323864
v 0.323864 6.570647 0.445761
v 0.342188 6.601441 0.470982
v 0.323864 6.632235 0.445761
v 0.170265 6.570647 0.524023
v 0.179899 6.601441 0.553672
v 0.170265 6.632235 0.524023
v -0.000000 6.570647 0.550991
v -0.000000 6.601441 0.582165
v -0.000000 6.632235 0.550991
v -0.170265 6.570647 0.524023
v -0.179899 6.601441 0.553672
v -0.170265 6.632235 0.524023
v -0.323864 6.570647 0.445761
v -0.342188 6.601441 0.470982
v -0.323864 6.632235 0.445761
v -0.445761 6.570647 0.323864
v -0.470982 6.601441 0.342188
v -0.445761 6.632235 0.323864
v -0.524023 6.570647 0.170265
v -0.553672 6.601441 0.179899
v -0.524023 6.632235 0.170265
v -0.550991 6.570647 0.000000
v -0.582165 6.601441 0.000000
v -0.550991 6.632235 0.000000
v -0.524023 6.570647 -0.170265
v -0.553672 6.601441 -0.179899
v -0.524023 6.632235 -0.170265
v -0.445761 6.570647 -0.323864
v -0.470982 6.601441 -0.342188
v -0.445761 6.632235 -0.323864
v -0.323864 6.570647 -0.445761
v -0.342188 6.601441 -0.470982
v -0.323864 6.632235 -0.445761
v -0.170266 6.570647 -0.524023
v -0.179899 6.601441 -0.553672
v -0.170266 6.632235 -0.524023
v 0.000000 6.570647 -0.550991
v 0.000000 6.601441 -0.582166
v 0.000000 6.632235 -0.550991
v 0.170266 6.570647 -0.524023
v 0.179899 6.601441 -0.553672
v 0.170266 6.632235 -0.524023
v 0.323864 6.570647 -0.445761
v 0.342188 6.601441 -0.470982
v 0.323864 6.632235 -0.445761
v 0.445761 6.570647 -0.323864
v 0.470982 6.601441 -0.342188
v 0.445761 6.632235 -0.323864
v 0.424581 3.498548 -0.137955
v 0.446430 3.498548 -0.000000
v 0.424580 3.498548 0.137954
v 0.361169 3.498548 0.262405
v 0.262405 3.498548 0.361169
v 0.137954 3.498548 0.424580
v -0.000000 3.498548 0.446430
v -0.137955 3.498548 0.424580
v -0.262405 3.498548 0.361169
v -0.361170 3.498548 0.262405
v -0.424580 3.498548 0.137954
v -0.446430 3.498548 -0.000000
v -0.424580 3.498548 -0.137955
v -0.361170 3.498548 -0.262405
v -0.262405 3.498548 -0.361170
v -0.137955 3.498548 -0.424581
v -0.000000 3.498548 -0.446430
v 0.137955 3.498548 -0.424581
v 0.262405 3.498548 -0.361170
v 0.361170 3.498548 -0.262405
v 0.426804 3.600419 -0.138677
v 0.448768 3.600419 -0.000000
v 0.426803 3.600419 0.138677
v 0.363060 3.600419 0.263779
v 0.263779 3.600419 0.363061
v 0.138677 3.600419 0.426803
v -0.000000 3.600419 0.448767
v -0.138677 3.600419 0.426803
v -0.263779 3.600419 0.363061
v -0.363061 3.600419 0.263779
v -0.426803 3.600419 0.138677
v -0.448768 3.600419 -0.000000
v -0.426803 3.600419 -0.138677
v -0.363061 3.600419 -0.263779
v -0.263779 3.600419 -0.363061
v -0.138677 3.600419 -0.426804
v -0.000000 3.600419 -0.448768
v 0.138677 3.600419 -0.426804
v 0.263779 3.600419 -0.363061
v 0.363061 3.600419 -0.263779
v 0.426959 3.393102 -0.138728
v 0.448931 3.393102 -0.000000
v 0.426959 3.393102 0.138727
v 0.363193 3.393102 0.263875
v 0.263875 3.393102 0.363193
v 0.138727 3.393102 0.426959
v -0.000000 3.393102 0.448931
v -0.138727 3.393102 0.426959
v -0.263875 3.393102 0.363193
v -0.363193 3.393102 0.263875
v -0.426959 3.393102 0.138727
v -0.448931 3.393102 -0.000000
v -0.426959 3.393102 -0.138728
v -0.363193 3.393102 -0.263875
v -0.263875 3.393102 -0.363193
v -0.138727 3.393102 -0.426959
v -0.000000 3.393102 -0.448932
v 0.138727 3.393102 -0.426959
v 0.263875 3.393102 -0.363193
v 0.363193 3.393102 -0.263875
v 0.435057 3.727334 -0.141359
v 0.457446 3.727334 -0.000000
v 0.435057 3.727334 0.141358
v 0.370082 3.727334 0.268880
v 0.268880 3.727334 0.370082
v 0.141359 3.727334 0.435057
v -0.000000 3.727334 0.457446
v -0.141359 3.727334 0.435057
v -0.268880 3.727334 0.370082
v -0.370082 3.727334 0.268880
v -0.435057 3.727334 0.141358
v -0.457446 3.727334 -0.000000
v -0.435057 3.727334 -0.141359
v -0.370082 3.727334 -0.268880
v -0.268880 3.727334 -0.370082
v -0.141359 3.727334 -0.435057
v -0.000000 3.727334 -0.457446
v 0.141359 3.727334 -0.435057
v 0.268880 3.727334 -0.370082
v 0.370082 3.727334 -0.268880
v 0.447232 3.852691 -0.145315
v 0.470247 3.852691 -0.000000
v 0.447231 3.852691 0.145314
v 0.380438 3.852691 0.276404
v 0.276404 3.852691 0.380438
v 0.145314 3.852691 0.447231
v -0.000000 3.852691 0.470247
v -0.145314 3.852691 0.447231
v -0.276404 3.852691 0.380438
v -0.380438 3.852691 0.276404
v -0.447232 3.852691 0.145314
v -0.470247 3.852691 -0.000000
v -0.447232 3.852691 -0.145315
v -0.380438 3.852691 -0.276404
v -0.276404 3.852691 -0.380438
v -0.145314 3.852691 -0.447232
v -0.000000 3.852691 -0.470247
v 0.145314 3.852691 -0.447232
v 0.276404 3.852691 -0.380438
v 0.380438 3.852691 -0.276404
v 0.464393 4.005344 -0.150891
v 0.488292 4.005344 -0.000000
v 0.464393 4.005344 0.150890
v 0.395036 4.005344 0.287011
v 0.287011 4.005344 0.395036
v 0.150890 4.005344 0.464393
v -0.000000 4.005344 0.488292
v -0.150890 4.005344 0.464393
v -0.287011 4.005344 0.395036
v -0.395036 4.005344 0.287011
v -0.464393 4.005344 0.150890
v -0.488292 4.005344 -0.000000
v -0.464393 4.005344 -0.150891
v -0.395036 4.005344 -0.287011
v -0.287011 4.005344 -0.395037
v -0.150891 4.005344 -0.464394
v -0.000000 4.005344 -0.488292
v 0.150891 4.005344 -0.464393
v 0.287011 4.005344 -0.395037
v 0.395037 4.005344 -0.287011
v 0.481478 4.157362 -0.156442
v 0.506255 4.157362 -0.000000
v 0.481477 4.157362 0.156441
v 0.409569 4.157362 0.297569
v 0.297569 4.157362 0.409569
v 0.156441 4.157362 0.481477
v -0.000000 4.157362 0.506255
v -0.156441 4.157362 0.481477
v -0.297569 4.157362 0.409569
v -0.409569 4.157362 0.297569
v -0.481477 4.157362 0.156441
v -0.506255 4.157362 -0.000000
v -0.481477 4.157362 -0.156442
v -0.409569 4.157362 -0.297569
v -0.297569 4.157362 -0.409569
v -0.156442 4.157362 -0.481478
v -0.000000 4.157362 -0.506256
v 0.156442 4.157362 -0.481478
v 0.297569 4.157362 -0.409569
v 0.409569 4.157362 -0.297570
v 0.500780 4.352896 -0.162713
v 0.526551 4.352896 -0.000000
v 0.500780 4.352896 0.162713
v 0.425988 4.352896 0.309499
v 0.309499 4.352896 0.425989
v 0.162713 4.352896 0.500779
v -0.000000 4.352896 0.526551
v -0.162713 4.352896 0.500779
v -0.309499 4.352896 0.425989
v -0.425989 4.352896 0.309499
v -0.500780 4.352896 0.162713
v -0.526551 4.352896 -0.000000
v -0.500780 4.352896 -0.162713
v -0.425989 4.352896 -0.309499
v -0.309499 4.352896 -0.425989
v -0.162713 4.352896 -0.500780
v -0.000000 4.352896 -0.526551
v 0.162713 4.352896 -0.500780
v 0.309499 4.352896 -0.425989
v 0.425989 4.352896 -0.309499
v 0.514304 4.536651 -0.167108
v 0.540770 4.536651 -0.000000
v 0.514303 4.536651 0.167107
v 0.437492 4.536651 0.317857
v 0.317857 4.536651 0.437493
v 0.167107 4.536651 0.514303
v -0.000000 4.536651 0.540770
v -0.167107 4.536651 0.514303
v -0.317857 4.536651 0.437493
v -0.437493 4.536651 0.317857
v -0.514303 4.536651 0.167107
v -0.540771 4.536651 -0.000000
v -0.514303 4.536651 -0.167107
v -0.437493 4.536651 -0.317857
v -0.317857 4.536651 -0.437493
v -0.167107 4.536651 -0.514304
v -0.000000 4.536651 -0.540771
v 0.167107 4.536651 -0.514304
v 0.317857 4.536651 -0.437493
v 0.437493 4.536651 -0.317857
v 0.521457 4.712277 -0.169432
v 0.548292 4.712277 -0.000000
v 0.521456 4.712277 0.169431
v 0.443577 4.712277 0.322278
v 0.322278 4.712277 0.443577
v 0.169431 4.712277 0.521456
v -0.000000 4.712277 0.548291
v -0.169431 4.712277 0.521456
v -0.322278 4.712277 0.443577
v -0.443577 4.712277 0.322278
v -0.521456 4.712277 0.169431
v -0.548292 4.712277 -0.000000
v -0.521456 4.712277 -0.169432
v -0.443577 4.712277 -0.322278
v -0.322278 4.712277 -0.443577
v -0.169432 4.712277 -0.521457
v -0.000000 4.712277 -0.548292
v 0.169432 4.712277 -0.521457
v 0.322278 4.712277 -0.443578
v 0.443578 4.712277 -0.322278
v 0.522329 4.836794 -0.169715
v 0.549209 4.836794 -0.000000
v 0.522329 4.836794 0.169715
v 0.444319 4.836794 0.322817
v 0.322817 4.836794 0.444319
v 0.169715 4.836794 0.522328
v -0.000000 4.836794 0.549209
v -0.169715 4.836794 0.522328
v -0.322817 4.836794 0.444319
v -0.444319 4.836794 0.322817
v -0.522329 4.836794 0.169715
v -0.549209 4.836794 -0.000000
v -0.522329 4.836794 -0.169715
v -0.444319 4.836794 -0.322817
v -0.322817 4.836794 -0.444319
v -0.169715 4.836794 -0.522329
v 0.000000 4.836794 -0.549209
v 0.169715 4.836794 -0.522329
v 0.322817 4.836794 -0.444320
v 0.444320 4.836794 -0.322817
v 0.435804 3.261019 -0.141601
v 0.458231 3.261019 -0.000000
v 0.435803 3.261019 0.141601
v 0.370716 3.261019 0.269341
v 0.269341 3.261019 0.370716
v 0.141601 3.261019 0.435803
v -0.000000 3.261019 0.458230
v -0.141601 3.261019 0.435803
v -0.269341 3.261019 0.370716
v -0.370716 3.261019 0.269341
v -0.435803 3.261019 0.141601
v -0.458231 3.261019 -0.000000
v -0.435803 3.261019 -0.141601
v -0.370716 3.261019 -0.269341
v -0.269341 3.261019 -0.370716
v -0.141601 3.261019 -0.435804
v -0.000000 3.261019 -0.458231
v 0.141601 3.261019 -0.435803
v 0.269341 3.261019 -0.370717
v 0.370717 3.261019 -0.269341
v 0.449266 3.125589 -0.145975
v 0.472385 3.125589 -0.000000
v 0.449265 3.125589 0.145975
v 0.382168 3.125589 0.277661
v 0.277661 3.125589 0.382168
v 0.145975 3.125589 0.449265
v -0.000000 3.125589 0.472385
v -0.145975 3.125589 0.449265
v -0.277661 3.125589 0.382168
v -0.382168 3.125589 0.277661
v -0.449265 3.125589 0.145975
v -0.472386 3.125589 -0.000000
v -0.449265 3.125589 -0.145975
v -0.382168 3.125589 -0.277661
v -0.277661 3.125589 -0.382168
v -0.145975 3.125589 -0.449266
v -0.000000 3.125589 -0.472386
v 0.145975 3.125589 -0.449265
v 0.277661 3.125589 -0.382168
v 0.382168 3.125589 -0.277661
v 0.465902 2.978602 -0.151381
v 0.489878 2.978602 -0.000000
v 0.465902 2.978602 0.151380
v 0.396320 2.978602 0.287943
v 0.287943 2.978602 0.396320
v 0.151381 2.978602 0.465901
v -0.000000 2.978602 0.489878
v -0.151381 2.978602 0.465901
v -0.287943 2.978602 0.396320
v -0.396320 2.978602 0.287943
v -0.465902 2.978602 0.151380
v -0.489878 2.978602 -0.000000
v -0.465902 2.978602 -0.151381
v -0.396320 2.978602 -0.287943
v -0.287943 2.978602 -0.396320
v -0.151381 2.978602 -0.465902
v -0.000000 2.978602 -0.489878
v 0.151381 2.978602 -0.465902
v 0.287943 2.978602 -0.396320
v 0.396320 2.978602 -0.287943
v 0.483879 2.817361 -0.157222
v 0.508780 2.817361 -0.000000
v 0.483879 2.817361 0.157221
v 0.411612 2.817361 0.299053
v 0.299053 2.817361 0.411612
v 0.157222 2.817361 0.483879
v -0.000000 2.817361 0.508780
v -0.157222 2.817361 0.483879
v -0.299053 2.817361 0.411612
v -0.411612 2.817361 0.299053
v -0.483879 2.817361 0.157222
v -0.508780 2.817361 -0.000000
v -0.483879 2.817361 -0.157222
v -0.411612 2.817361 -0.299054
v -0.299054 2.817361 -0.411612
v -0.157222 2.817361 -0.483879
v -0.000000 2.817361 -0.508780
v 0.157222 2.817361 -0.483879
v 0.299054 2.817361 -0.411612
v 0.411612 2.817361 -0.299054
v 0.498781 2.666707 -0.162064
v 0.524449 2.666707 -0.000000
v 0.498780 2.666707 0.162063
v 0.424288 2.666707 0.308263
v 0.308263 2.666707 0.424288
v 0.162064 2.666707 0.498780
v -0.000000 2.666707 0.524448
v -0.162064 2.666707 0.498780
v -0.308263 2.666707 0.424288
v -0.424288 2.666707 0.308263
v -0.498780 2.666707 0.162063
v -0.524449 2.666707 -0.000000
v -0.498780 2.666707 -0.162064
v -0.424288 2.666707 -0.308263
v -0.308263 2.666707 -0.424288
v -0.162064 2.666707 -0.498781
v -0.000000 2.666707 -0.524449
v 0.162064 2.666707 -0.498780
v 0.308263 2.666707 -0.424288
v 0.424288 2.666707 -0.308263
v 0.513911 2.467104 -0.166980
v 0.540357 2.467104 -0.000000
v 0.513911 2.467104 0.166979
v 0.437158 2.467104 0.317614
v 0.317614 2.467104 0.437158
v 0.166980 2.467104 0.513910
v -0.000000 2.467104 0.540357
v -0.166980 2.467104 0.513910
v -0.317614 2.467104 0.437158
v -0.437158 2.467104 0.317614
v -0.513911 2.467104 0.166979
v -0.540358 2.467104 -0.000000
v -0.513911 2.467104 -0.166980
v -0.437158 2.467104 -0.317614
v -0.317614 2.467104 -0.437159
v -0.166980 2.467104 -0.513911
v -0.000000 2.467104 -0.540358
v 0.166980 2.467104 -0.513911
v 0.317614 2.467104 -0.437159
v 0.437159 2.467104 -0.317614
v 0.521333 2.290456 -0.169392
v 0.548162 2.290456 -0.000000
v 0.521333 2.290456 0.169391
v 0.443472 2.290456 0.322201
v 0.322201 2.290456 0.443472
v 0.169391 2.290456 0.521332
v -0.000000 2.290456 0.548161
v -0.169391 2.290456 0.521333
v -0.322201 2.290456 0.443472
v -0.443472 2.290456 0.322201
v -0.521333 2.290456 0.169391
v -0.548162 2.290456 -0.000000
v -0.521333 2.290456 -0.169391
v -0.443472 2.290456 -0.322201
v -0.322201 2.290456 -0.443472
v -0.169391 2.290456 -0.521333
v -0.000000 2.290456 -0.548162
v 0.169391 2.290456 -0.521333
v 0.322201 2.290456 -0.443472
v 0.443472 2.290456 -0.322201
v 0.522327 2.153100 -0.169715
v 0.549207 2.153100 -0.000000
v 0.522327 2.153100 0.169714
v 0.444318 2.153100 0.322816
v 0.322816 2.153100 0.444318
v 0.169714 2.153100 0.522327
v -0.000000 2.153100 0.549207
v -0.169714 2.153100 0.522327
v -0.322816 2.153100 0.444318
v -0.444318 2.153100 0.322816
v -0.522327 2.153100 0.169714
v -0.549207 2.153100 -0.000000
v -0.522327 2.153100 -0.169715
v -0.444318 2.153100 -0.322816
v -0.322816 2.153100 -0.444318
v -0.169714 2.153100 -0.522327
v 0.000000 2.153100 -0.549208
v 0.169714 2.153100 -0.522327
v 0.322816 2.153100 -0.444318
v 0.444318 2.153100 -0.322816
v 0.522327 2.043283 -0.169715
v 0.549207 2.043283 -0.000000
v 0.522327 2.043283 0.169714
v 0.444318 2.043283 0.322816
v 0.322816 2.043283 0.444318
v 0.169714 2.043283 0.522327
v -0.000000 2.043283 0.549207
v -0.169714 2.043283 0.522327
v -0.322816 2.043283 0.444318
v -0.444318 2.043283 0.322816
v -0.522327 2.043283 0.169714
v -0.549207 2.043283 -0.000000
v -0.522327 2.043283 -0.169715
v -0.444318 2.043283 -0.322816
v -0.322816 2.043283 -0.444318
v -0.169714 2.043283 -0.522327
v 0.000000 2.043283 -0.549208
v 0.169714 2.043283 -0.522327
v 0.322816 2.043283 -0.444318
v 0.444318 2.043283 -0.322816
v 0.515506 1.965571 -0.167498
v 0.542034 1.965571 -0.000000
v 0.515506 2.060894 -0.167498
v 0.542034 2.060894 -0.000000
v 0.419035 3.497153 -0.136153
v 0.440599 3.497153 -0.000000
v 0.421229 3.597693 -0.136866
v 0.442906 3.597693 -0.000000
v 0.429375 3.722951 -0.139513
v 0.451471 3.722951 -0.000000
v 0.421383 3.393084 -0.136916
v 0.443068 3.393084 -0.000000
v 0.441391 3.846671 -0.143417
v 0.464105 3.846671 -0.000000
v 0.458328 3.997330 -0.148920
v 0.481914 3.997330 -0.000000
v 0.475189 4.147362 -0.154399
v 0.499643 4.147362 -0.000000
v 0.494239 4.340344 -0.160588
v 0.519674 4.340344 -0.000000
v 0.507587 4.521698 -0.164925
v 0.533708 4.521698 -0.000000
v 0.514646 4.695030 -0.167219
v 0.541131 4.695030 -0.000000
v 0.515506 4.817920 -0.167498
v 0.542034 4.817920 -0.000000
v 0.430112 3.262726 -0.139752
v 0.452246 3.262726 -0.000000
v 0.443398 3.129065 -0.144069
v 0.466216 3.129065 -0.000000
v 0.459817 2.983998 -0.149404
v 0.483480 2.983998 -0.000000
v 0.477559 2.824863 -0.155169
v 0.502135 2.824863 -0.000000
v 0.492266 2.676176 -0.159947
v 0.517599 2.676176 -0.000000
v 0.507199 2.479180 -0.164799
v 0.533300 2.479180 -0.000000
v 0.514524 2.304840 -0.167179
v 0.541002 2.304840 -0.000000
v 0.515506 2.169277 -0.167498
v 0.542034 2.169277 -0.000000
v 0.515505 1.965571 0.167498
v 0.438515 1.965571 0.318600
v 0.515505 2.060894 0.167498
v 0.438515 2.060894 0.318600
v 0.419035 3.497153 0.136152
v 0.356452 3.497153 0.258978
v 0.421229 3.597693 0.136865
v 0.358319 3.597693 0.260334
v 0.429375 3.722951 0.139512
v 0.365248 3.722951 0.265368
v 0.421383 3.393084 0.136915
v 0.358450 3.393084 0.260429
v 0.441390 3.846671 0.143416
v 0.375469 3.846671 0.272794
v 0.458328 3.997330 0.148920
v 0.389877 3.997330 0.283262
v 0.475189 4.147362 0.154398
v 0.404220 4.147362 0.293683
v 0.494239 4.340344 0.160588
v 0.420425 4.340344 0.305457
v 0.507586 4.521698 0.164925
v 0.431779 4.521698 0.313706
v 0.514646 4.695030 0.167218
v 0.437784 4.695030 0.318069
v 0.515505 4.817920 0.167498
v 0.438515 4.817920 0.318600
v 0.430111 3.262726 0.139751
v 0.365875 3.262726 0.265823
v 0.443398 3.129065 0.144068
v 0.377176 3.129065 0.274035
v 0.459817 2.983998 0.149403
v 0.391143 2.983998 0.284182
v 0.477559 2.824863 0.155168
v 0.406236 2.824863 0.295148
v 0.492266 2.676176 0.159947
v 0.418746 2.676176 0.304237
v 0.507199 2.479180 0.164799
v 0.431449 2.479180 0.313466
v 0.514524 2.304840 0.167179
v 0.437680 2.304840 0.317993
v 0.515505 2.169277 0.167498
v 0.438515 2.169277 0.318600
v 0.318600 1.965571 0.438515
v 0.167498 1.965571 0.515505
v 0.318600 2.060894 0.438515
v 0.167498 2.060894 0.515505
v 0.258978 3.497153 0.356452
v 0.136153 3.497153 0.419035
v 0.260334 3.597693 0.358319
v 0.136866 3.597693 0.421229
v 0.265368 3.722951 0.365248
v 0.139512 3.722951 0.429375
v 0.260429 3.393084 0.358450
v 0.136916 3.393084 0.421382
v 0.272794 3.846671 0.375469
v 0.143416 3.846671 0.441390
v 0.283262 3.997330 0.389877
v 0.148920 3.997330 0.458328
v 0.293683 4.147362 0.404220
v 0.154398 4.147362 0.475189
v 0.305456 4.340344 0.420425
v 0.160588 4.340344 0.494239
v 0.313705 4.521698 0.431779
v 0.164925 4.521698 0.507586
v 0.318069 4.695030 0.437784
v 0.167219 4.695030 0.514646
v 0.318600 4.817920 0.438515
v 0.167498 4.817920 0.515505
v 0.265823 3.262726 0.365875
v 0.139752 3.262726 0.430111
v 0.274035 3.129065 0.377177
v 0.144069 3.129065 0.443397
v 0.284182 2.983998 0.391143
v 0.149403 2.983998 0.459816
v 0.295148 2.824863 0.406236
v 0.155168 2.824863 0.477559
v 0.304237 2.676176 0.418746
v 0.159947 2.676176 0.492266
v 0.313466 2.479180 0.431449
v 0.164799 2.479180 0.507198
v 0.317993 2.304840 0.437680
v 0.167179 2.304840 0.514524
v 0.318600 2.169277 0.438515
v 0.167498 2.169277 0.515505
v -0.000000 1.965571 0.542034
v -0.167498 1.965571 0.515505
v -0.000000 2.060894 0.542034
v -0.167498 2.060894 0.515505
v -0.000000 3.497153 0.440599
v -0.136153 3.497153 0.419035
v -0.000000 3.597693 0.442906
v -0.136866 3.597693 0.421229
v -0.000000 3.722951 0.451471
v -0.139512 3.722951 0.429375
v -0.000000 3.393084 0.443068
v -0.136916 3.393084 0.421383
v -0.000000 3.846671 0.464105
v -0.143416 3.846671 0.441390
v -0.000000 3.997330 0.481914
v -0.148920 3.997330 0.458328
v -0.000000 4.147362 0.499643
v -0.154398 4.147362 0.475189
v -0.000000 4.340344 0.519674
v -0.160588 4.340344 0.494239
v -0.000000 4.521698 0.533707
v -0.164925 4.521698 0.507586
v -0.000000 4.695030 0.541130
v -0.167219 4.695030 0.514646
v -0.000000 4.817920 0.542034
v -0.167498 4.817920 0.515505
v -0.000000 3.262726 0.452246
v -0.139752 3.262726 0.430111
v -0.000000 3.129065 0.466216
v -0.144069 3.129065 0.443397
v -0.000000 2.983998 0.483480
v -0.149403 2.983998 0.459816
v -0.000000 2.824863 0.502135
v -0.155168 2.824863 0.477559
v -0.000000 2.676176 0.517599
v -0.159947 2.676176 0.492266
v -0.000000 2.479180 0.533300
v -0.164799 2.479180 0.507198
v -0.000000 2.304840 0.541002
v -0.167179 2.304840 0.514524
v -0.000000 2.169277 0.542034
v -0.167498 2.169277 0.515505
v -0.318600 1.965571 0.438515
v -0.438515 1.965571 0.318600
v -0.318600 2.060894 0.438515
v -0.438515 2.060894 0.318600
v -0.258978 3.497153 0.356452
v -0.356452 3.497153 0.258978
v -0.260334 3.597693 0.358319
v -0.358319 3.597693 0.260334
v -0.265368 3.722951 0.365248
v -0.365248 3.722951 0.265368
v -0.260429 3.393084 0.358450
v -0.358450 3.393084 0.260429
v -0.272794 3.846671 0.375469
v -0.375469 3.846671 0.272794
v -0.283262 3.997330 0.389877
v -0.389877 3.997330 0.283262
v -0.293683 4.147362 0.404220
v -0.404220 4.147362 0.293683
v -0.305457 4.340344 0.420425
v -0.420425 4.340344 0.305456
v -0.313706 4.521698 0.431779
v -0.431779 4.521698 0.313705
v -0.318069 4.695030 0.437784
v -0.437784 4.695030 0.318068
v -0.318600 4.817920 0.438515
v -0.438515 4.817920 0.318600
v -0.265823 3.262726 0.365875
v -0.365875 3.262726 0.265823
v -0.274035 3.129065 0.377177
v -0.377177 3.129065 0.274035
v -0.284182 2.983998 0.391143
v -0.391143 2.983998 0.284182
v -0.295148 2.824863 0.406236
v -0.406236 2.824863 0.295147
v -0.304237 2.676176 0.418746
v -0.418746 2.676176 0.304237
v -0.313466 2.479180 0.431449
v -0.431449 2.479180 0.313466
v -0.317993 2.304840 0.437680
v -0.437680 2.304840 0.317993
v -0.318600 2.169277 0.438515
v -0.438515 2.169277 0.318600
v -0.515505 1.965571 0.167498
v -0.542034 1.965571 -0.000000
v -0.515505 2.060894 0.167498
v -0.542034 2.060894 -0.000000
v -0.419035 3.497153 0.136153
v -0.440599 3.497153 -0.000000
v -0.421229 3.597693 0.136865
v -0.442906 3.597693 -0.000000
v -0.429375 3.722951 0.139512
v -0.451472 3.722951 -0.000000
v -0.421383 3.393084 0.136915
v -0.443068 3.393084 -0.000000
v -0.441391 3.846671 0.143416
v -0.464105 3.846671 -0.000000
v -0.458328 3.997330 0.148920
v -0.481915 3.997330 -0.000000
v -0.475189 4.147362 0.154398
v -0.499643 4.147362 -0.000000
v -0.494239 4.340344 0.160588
v -0.519674 4.340344 -0.000000
v -0.507586 4.521698 0.164925
v -0.533708 4.521698 -0.000000
v -0.514646 4.695030 0.167218
v -0.541131 4.695030 -0.000000
v -0.515505 4.817920 0.167498
v -0.542034 4.817920 -0.000000
v -0.430112 3.262726 0.139751
v -0.452246 3.262726 -0.000000
v -0.443398 3.129065 0.144068
v -0.466216 3.129065 -0.000000
v -0.459817 2.983998 0.149403
v -0.483480 2.983998 -0.000000
v -0.477559 2.824863 0.155168
v -0.502135 2.824863 -0.000000
v -0.492266 2.676176 0.159947
v -0.517599 2.676176 -0.000000
v -0.507199 2.479180 0.164799
v -0.533300 2.479180 -0.000000
v -0.514524 2.304840 0.167179
v -0.541002 2.304840 -0.000000
v -0.515505 2.169277 0.167498
v -0.542034 2.169277 -0.000000
v -0.515505 1.965571 -0.167498
v -0.438515 1.965571 -0.318600
v -0.515505 2.060894 -0.167498
v -0.438515 2.060894 -0.318600
v -0.419035 3.497153 -0.136153
v -0.356452 3.497153 -0.258978
v -0.421229 3.597693 -0.136866
v -0.358319 3.597693 -0.260334
v -0.429375 3.722951 -0.139513
v -0.365248 3.722951 -0.265368
v -0.421383 3.393084 -0.136916
v -0.358450 3.393084 -0.260429
v -0.441391 3.846671 -0.143417
v -0.375469 3.846671 -0.272794
v -0.458328 3.997330 -0.148920
v -0.389877 3.997330 -0.283262
v -0.475189 4.147362 -0.154398
v -0.404220 4.147362 -0.293683
v -0.494239 4.340344 -0.160588
v -0.420425 4.340344 -0.305457
v -0.507586 4.521698 -0.164925
v -0.431779 4.521698 -0.313706
v -0.514646 4.695030 -0.167219
v -0.437784 4.695030 -0.318069
v -0.515505 4.817920 -0.167498
v -0.438515 4.817920 -0.318600
v -0.430112 3.262726 -0.139752
v -0.365875 3.262726 -0.265824
v -0.443398 3.129065 -0.144069
v -0.377177 3.129065 -0.274035
v -0.459817 2.983998 -0.149404
v -0.391143 2.983998 -0.284182
v -0.477559 2.824863 -0.155169
v -0.406236 2.824863 -0.295148
v -0.492266 2.676176 -0.159947
v -0.418746 2.676176 -0.304237
v -0.507199 2.479180 -0.164799
v -0.431449 2.479180 -0.313466
v -0.514524 2.304840 -0.167179
v -0.437680 2.304840 -0.317993
v -0.515505 2.169277 -0.167498
v -0.438515 2.169277 -0.318600
v -0.318600 1.965571 -0.438515
v -0.167498 1.965571 -0.515506
v -0.318600 2.060894 -0.438515
v -0.167498 2.060894 -0.515506
v -0.258978 3.497153 -0.356453
v -0.136153 3.497153 -0.419035
v -0.260334 3.597693 -0.358319
v -0.136866 3.597693 -0.421229
v -0.265368 3.722951 -0.365248
v -0.139512 3.722951 -0.429375
v -0.260429 3.393084 -0.358450
v -0.136916 3.393084 -0.421383
v -0.272794 3.846671 -0.375469
v -0.143416 3.846671 -0.441391
v -0.283262 3.997330 -0.389877
v -0.148920 3.997330 -0.458328
v -0.293683 4.147362 -0.404220
v -0.154398 4.147362 -0.475189
v -0.305457 4.340344 -0.420425
v -0.160588 4.340344 -0.494239
v -0.313706 4.521698 -0.431779
v -0.164925 4.521698 -0.507587
v -0.318069 4.695030 -0.437784
v -0.167219 4.695030 -0.514646
v -0.318600 4.817920 -0.438515
v -0.167498 4.817920 -0.515506
v -0.265824 3.262726 -0.365875
v -0.139752 3.262726 -0.430112
v -0.274035 3.129065 -0.377177
v -0.144069 3.129065 -0.443398
v -0.284182 2.983998 -0.391143
v -0.149404 2.983998 -0.459817
v -0.295148 2.824863 -0.406236
v -0.155168 2.824863 -0.477559
v -0.304237 2.676176 -0.418746
v -0.159947 2.676176 -0.492266
v -0.313466 2.479180 -0.431449
v -0.164799 2.479180 -0.507199
v -0.317993 2.304840 -0.437680
v -0.167179 2.304840 -0.514524
v -0.318600 2.169277 -0.438515
v -0.167498 2.169277 -0.515506
v -0.000000 1.965571 -0.542035
v 0.167498 1.965571 -0.515505
v -0.000000 2.060894 -0.542035
v 0.167498 2.060894 -0.515505
v -0.000000 3.497153 -0.440600
v 0.136153 3.497153 -0.419035
v -0.000000 3.597693 -0.442907
v 0.136866 3.597693 -0.421229
v -0.000000 3.722951 -0.451472
v 0.139512 3.722951 -0.429375
v -0.000000 3.393084 -0.443068
v 0.136916 3.393084 -0.421383
v -0.000000 3.846671 -0.464106
v 0.143416 3.846671 -0.441391
v -0.000000 3.997330 -0.481915
v 0.148920 3.997330 -0.458328
v -0.000000 4.147362 -0.499644
v 0.154398 4.147362 -0.475189
v -0.000000 4.340344 -0.519674
v 0.160588 4.340344 -0.494239
v -0.000000 4.521698 -0.533708
v 0.164925 4.521698 -0.507587
v -0.000000 4.695030 -0.541131
v 0.167219 4.695030 -0.514646
v -0.000000 4.817920 -0.542035
v 0.167498 4.817920 -0.515506
v -0.000000 3.262726 -0.452246
v 0.139752 3.262726 -0.430112
v -0.000000 3.129065 -0.466216
v 0.144069 3.129065 -0.443398
v -0.000000 2.983998 -0.483480
v 0.149404 2.983998 -0.459817
v -0.000000 2.824863 -0.502136
v 0.155168 2.824863 -0.477559
v -0.000000 2.676176 -0.517599
v 0.159947 2.676176 -0.492266
v -0.000000 2.479180 -0.533301
v 0.164799 2.479180 -0.507199
v -0.000000 2.304840 -0.541003
v 0.167179 2.304840 -0.514524
v -0.000000 2.169277 -0.542035
v 0.167498 2.169277 -0.515505
v 0.318600 1.965571 -0.438515
v 0.438515 1.965571 -0.318600
v 0.318600 2.060894 -0.438515
v 0.438515 2.060894 -0.318600
v 0.258978 3.497153 -0.356453
v 0.356453 3.497153 -0.258978
v 0.260334 3.597693 -0.358319
v 0.358319 3.597693 -0.260334
v 0.265368 3.722951 -0.365248
v 0.365248 3.722951 -0.265368
v 0.260429 3.393084 -0.358450
v 0.358450 3.393084 -0.260429
v 0.272794 3.846671 -0.375469
v 0.375469 3.846671 -0.272794
v 0.283262 3.997330 -0.389877
v 0.389877 3.997330 -0.283262
v 0.293683 4.147362 -0.404220
v 0.404220 4.147362 -0.293683
v 0.305457 4.340344 -0.420425
v 0.420425 4.340344 -0.305457
v 0.313706 4.521698 -0.431779
v 0.431779 4.521698 -0.313706
v 0.318069 4.695030 -0.437784
v 0.437784 4.695030 -0.318069
v 0.318600 4.817920 -0.438515
v 0.438515 4.817920 -0.318600
v 0.265824 3.262726 -0.365875
v 0.365875 3.262726 -0.265824
v 0.274035 3.129065 -0.377177
v 0.377177 3.129065 -0.274035
v 0.284182 2.983998 -0.391144
v 0.391144 2.983998 -0.284182
v 0.295148 2.824863 -0.406236
v 0.406236 2.824863 -0.295148
v 0.304237 2.676176 -0.418747
v 0.418747 2.676176 -0.304237
v 0.313466 2.479180 -0.431449
v 0.431449 2.479180 -0.313466
v 0.317993 2.304840 -0.437680
v 0.437680 2.304840 -0.317993
v 0.318600 2.169277 -0.438515
v 0.438515 2.169277 -0.318600
v 0.522329 1.861597 -0.169715
v 0.549209 1.861597 -0.000000
v 0.522329 1.861597 0.169715
v 0.444319 1.861597 0.322817
v 0.322817 1.861597 0.444319
v 0.169715 1.861597 0.522329
v -0.000000 1.861597 0.549209
v -0.169715 1.861597 0.522329
v -0.322817 1.861597 0.444319
v -0.444319 1.861597 0.322817
v -0.522329 1.861597 0.169715
v -0.549209 1.861597 0.000000
v -0.522329 1.861597 -0.169715
v -0.444319 1.861597 -0.322817
v -0.322817 1.861597 -0.444319
v -0.169715 1.861597 -0.522329
v 0.000000 1.861597 -0.549209
v 0.169715 1.861597 -0.522329
v 0.322817 1.861597 -0.444320
v 0.444320 1.861597 -0.322817
v 0.522329 4.935603 -0.169715
v 0.549209 4.935603 -0.000000
v 0.522329 4.935603 0.169715
v 0.444319 4.935603 0.322817
v 0.322817 4.935603 0.444319
v 0.169715 4.935603 0.522329
v -0.000000 4.935603 0.549209
v -0.169715 4.935603 0.522329
v -0.322817 4.935603 0.444319
v -0.444319 4.935603 0.322817
v -0.522329 4.935603 0.169715
v -0.549209 4.935603 0.000000
v -0.522329 4.935603 -0.169715
v -0.444319 4.935603 -0.322817
v -0.322817 4.935603 -0.444319
v -0.169715 4.935603 -0.522329
v 0.000000 4.935603 -0.549209
v 0.169715 4.935603 -0.522329
v 0.322817 4.935603 -0.444320
v 0.444320 4.935603 -0.322817
v 0.553969 4.869651 -0.179995
v 0.582477 4.869651 0.000000
v 0.553969 4.902746 -0.179995
v 0.582477 4.902746 0.000000
v 0.553969 4.869651 0.179995
v 0.553969 4.902746 0.179995
v 0.471234 4.869651 0.342372
v 0.471234 4.902746 0.342372
v 0.342371 4.869651 0.471234
v 0.342371 4.902746 0.471234
v 0.179995 4.869651 0.553969
v 0.179995 4.902746 0.553969
v -0.000000 4.869651 0.582477
v -0.000000 4.902746 0.582477
v -0.179995 4.869651 0.553969
v -0.179995 4.902746 0.553969
v -0.342372 4.869651 0.471234
v -0.342372 4.902746 0.471234
v -0.471234 4.869651 0.342372
v -0.471234 4.902746 0.342372
v -0.553969 4.869651 0.179995
v -0.553969 4.902746 0.179995
v -0.582477 4.869651 0.000000
v -0.582477 4.902746 0.000000
v -0.553969 4.869651 -0.179995
v -0.553969 4.902746 -0.179995
v -0.471234 4.869651 -0.342372
v -0.471234 4.902746 -0.342372
v -0.342372 4.869651 -0.471234
v -0.342372 4.902746 -0.471234
v -0.179995 4.869651 -0.553969
v -0.179995 4.902746 -0.553969
v 0.000000 4.869651 -0.582477
v 0.000000 4.902746 -0.582477
v 0.179995 4.869651 -0.553969
v 0.179995 4.902746 -0.553969
v 0.342372 4.869651 -0.471234
v 0.342372 4.902746 -0.471234
v 0.471234 4.869651 -0.342372
v 0.471234 4.902746 -0.342372
v 0.553969 1.894454 -0.179995
v 0.582477 1.894454 0.000000
v 0.553969 1.913841 -0.179995
v 0.582477 1.913841 0.000000
v 0.553969 1.894454 0.179995
v 0.553969 1.913841 0.179995
v 0.471234 1.894454 0.342372
v 0.471234 1.913841 0.342372
v 0.342371 1.894454 0.471234
v 0.342371 1.913841 0.471234
v 0.179995 1.894454 0.553969
v 0.179995 1.913841 0.553969
v -0.000000 1.894454 0.582477
v -0.000000 1.913841 0.582477
v -0.179995 1.894454 0.553969
v -0.179995 1.913841 0.553969
v -0.342372 1.894454 0.471234
v -0.342372 1.913841 0.471234
v -0.471234 1.894454 0.342372
v -0.471234 1.913841 0.342372
v -0.553969 1.894454 0.179995
v -0.553969 1.913841 0.179995
v -0.582477 1.894454 0.000000
v -0.582477 1.913841 0.000000
v -0.553969 1.894454 -0.179995
v -0.553969 1.913841 -0.179995
v -0.471234 1.894454 -0.342372
v -0.471234 1.913841 -0.342372
v -0.342372 1.894454 -0.471234
v -0.342372 1.913841 -0.471234
v -0.179995 1.894454 -0.553969
v -0.179995 1.913841 -0.553969
v 0.000000 1.894454 -0.582477
v 0.000000 1.913841 -0.582477
v 0.179995 1.894454 -0.553969
v 0.179995 1.913841 -0.553969
v 0.342372 1.894454 -0.471234
v 0.342372 1.913841 -0.471234
v 0.471234 1.894454 -0.342372
v 0.471234 1.913841 -0.342372
vt 0.444096 0.260938
vt 0.452558 0.261131
vt 0.452522 0.384342
vt 0.444060 0.384149
vt 0.460192 0.261304
vt 0.460156 0.384516
vt 0.435634 0.260744
vt 0.435599 0.383956
vt 0.466248 0.261443
vt 0.466215 0.384654
vt 0.428001 0.260571
vt 0.427965 0.383782
vt 0.421943 0.260433
vt 0.421907 0.383644
vt 0.529052 0.262678
vt 0.536686 0.262829
vt 0.536655 0.386041
vt 0.529021 0.385890
vt 0.542742 0.262948
vt 0.542714 0.386160
vt 0.520591 0.262512
vt 0.520560 0.385723
vt 0.512129 0.262345
vt 0.512098 0.385556
vt 0.504496 0.262194
vt 0.504464 0.385406
vt 0.498438 0.262075
vt 0.498406 0.385286
vt 0.558392 0.525233
vt 0.558392 0.524346
vt 0.558392 0.523567
vt 0.566743 0.523567
vt 0.566743 0.524346
vt 0.566743 0.525233
vt 0.566727 0.526342
vt 0.566608 0.527768
vt 0.566367 0.529379
vt 0.566128 0.530595
vt 0.565841 0.531897
vt 0.565575 0.533083
vt 0.565359 0.534176
vt 0.565218 0.535243
vt 0.565180 0.536094
vt 0.565216 0.536916
vt 0.565348 0.537941
vt 0.565542 0.538953
vt 0.565817 0.540185
vt 0.566090 0.541412
vt 0.566398 0.542991
vt 0.566615 0.544474
vt 0.566729 0.545892
vt 0.566743 0.546897
vt 0.558392 0.546897
vt 0.558392 0.545892
vt 0.558392 0.544474
vt 0.558392 0.542991
vt 0.558392 0.541412
vt 0.558392 0.540185
vt 0.558392 0.538953
vt 0.558392 0.537941
vt 0.558392 0.536916
vt 0.558392 0.536094
vt 0.558392 0.535243
vt 0.558392 0.534176
vt 0.558392 0.533083
vt 0.558392 0.531897
vt 0.558392 0.530595
vt 0.558392 0.529379
vt 0.558392 0.527768
vt 0.558392 0.526342
vt 0.412183 0.523977
vt 0.412183 0.523188
vt 0.420645 0.523188
vt 0.420645 0.523977
vt 0.420645 0.524876
vt 0.420645 0.525999
vt 0.420645 0.527444
vt 0.420645 0.529077
vt 0.420645 0.530309
vt 0.420645 0.531628
vt 0.420645 0.532830
vt 0.420645 0.533938
vt 0.420645 0.535018
vt 0.420645 0.535881
vt 0.420645 0.536714
vt 0.420645 0.537752
vt 0.420645 0.538777
vt 0.420645 0.540026
vt 0.420645 0.541270
vt 0.420645 0.542869
vt 0.420645 0.544372
vt 0.420645 0.545808
vt 0.420645 0.546827
vt 0.412183 0.546827
vt 0.412197 0.545808
vt 0.412313 0.544372
vt 0.412532 0.542869
vt 0.412844 0.541270
vt 0.413121 0.540026
vt 0.413399 0.538777
vt 0.413596 0.537752
vt 0.413730 0.536714
vt 0.413766 0.535881
vt 0.413728 0.535018
vt 0.413584 0.533938
vt 0.413366 0.532830
vt 0.413097 0.531628
vt 0.412806 0.530309
vt 0.412564 0.529077
vt 0.412319 0.527444
vt 0.412199 0.525999
vt 0.412183 0.524876
vt 0.402166 0.525022
vt 0.402166 0.524136
vt 0.402166 0.523356
vt 0.409700 0.523356
vt 0.409700 0.524136
vt 0.409700 0.525022
vt 0.409716 0.526131
vt 0.409834 0.527557
vt 0.410076 0.529168
vt 0.410315 0.530385
vt 0.410602 0.531686
vt 0.410868 0.532873
vt 0.411083 0.533966
vt 0.411225 0.535032
vt 0.411263 0.535883
vt 0.411227 0.536706
vt 0.411095 0.537730
vt 0.410901 0.538742
vt 0.410626 0.539975
vt 0.410353 0.541202
vt 0.410044 0.542780
vt 0.409828 0.544263
vt 0.409714 0.545681
vt 0.409700 0.546687
vt 0.402166 0.546687
vt 0.402193 0.545681
vt 0.402410 0.544263
vt 0.402821 0.542780
vt 0.403408 0.541202
vt 0.403928 0.539975
vt 0.404450 0.538742
vt 0.404820 0.537730
vt 0.405071 0.536706
vt 0.405138 0.535883
vt 0.405066 0.535032
vt 0.404797 0.533966
vt 0.404388 0.532873
vt 0.403882 0.531686
vt 0.403335 0.530385
vt 0.402882 0.529168
vt 0.402422 0.527557
vt 0.402196 0.526131
vt 0.401956 0.546841
vt 0.401983 0.545822
vt 0.402203 0.544386
vt 0.402620 0.542883
vt 0.403215 0.541284
vt 0.403741 0.540040
vt 0.404270 0.538792
vt 0.404645 0.537766
vt 0.404899 0.536728
vt 0.404968 0.535895
vt 0.404894 0.535032
vt 0.404622 0.533952
vt 0.404207 0.532844
vt 0.403695 0.531642
vt 0.403141 0.530323
vt 0.402682 0.529091
vt 0.402215 0.527458
vt 0.401986 0.526013
vt 0.401956 0.524890
vt 0.401956 0.523991
vt 0.401956 0.523202
vt 0.395898 0.523991
vt 0.395898 0.523202
vt 0.395898 0.546841
vt 0.395935 0.545822
vt 0.396238 0.544386
vt 0.396812 0.542883
vt 0.397630 0.541284
vt 0.398355 0.540040
vt 0.399083 0.538792
vt 0.399599 0.537766
vt 0.399950 0.536728
vt 0.400043 0.535895
vt 0.399943 0.535032
vt 0.399568 0.533952
vt 0.398997 0.532844
vt 0.398291 0.531642
vt 0.397528 0.530323
vt 0.396897 0.529091
vt 0.396255 0.527458
vt 0.395940 0.526013
vt 0.395898 0.524890
vt 0.482042 0.524480
vt 0.482042 0.523691
vt 0.489676 0.523691
vt 0.489676 0.524480
vt 0.489676 0.525379
vt 0.489645 0.526502
vt 0.489416 0.527947
vt 0.488950 0.529580
vt 0.488491 0.530812
vt 0.487937 0.532131
vt 0.487424 0.533333
vt 0.487010 0.534441
vt 0.486737 0.535521
vt 0.486664 0.536384
vt 0.486732 0.537217
vt 0.486986 0.538255
vt 0.487362 0.539280
vt 0.487890 0.540529
vt 0.488417 0.541772
vt 0.489012 0.543372
vt 0.489429 0.544875
vt 0.489649 0.546311
vt 0.489676 0.547330
vt 0.482042 0.547330
vt 0.482028 0.546311
vt 0.481912 0.544875
vt 0.481693 0.543372
vt 0.481380 0.541772
vt 0.481104 0.540529
vt 0.480826 0.539280
vt 0.480628 0.538255
vt 0.480495 0.537217
vt 0.480459 0.536384
vt 0.480497 0.535521
vt 0.480641 0.534441
vt 0.480859 0.533333
vt 0.481128 0.532131
vt 0.481420 0.530812
vt 0.481661 0.529580
vt 0.481906 0.527947
vt 0.482026 0.526502
vt 0.482042 0.525379
vt 0.571849 0.526659
vt 0.571849 0.525773
vt 0.571849 0.524993
vt 0.580201 0.524993
vt 0.580201 0.525773
vt 0.580201 0.526659
vt 0.580185 0.527768
vt 0.580066 0.529194
vt 0.579824 0.530805
vt 0.579586 0.532022
vt 0.579298 0.533323
vt 0.579032 0.534510
vt 0.578817 0.535603
vt 0.578676 0.536670
vt 0.578638 0.537521
vt 0.578673 0.538343
vt 0.578806 0.539367
vt 0.579000 0.540380
vt 0.579274 0.541612
vt 0.579548 0.542839
vt 0.579856 0.544418
vt 0.580072 0.545901
vt 0.580187 0.547319
vt 0.580201 0.548324
vt 0.571849 0.548324
vt 0.571849 0.547319
vt 0.571849 0.545901
vt 0.571849 0.544418
vt 0.571849 0.542839
vt 0.571849 0.541612
vt 0.571849 0.540380
vt 0.571849 0.539367
vt 0.571849 0.538343
vt 0.571849 0.537521
vt 0.571849 0.536670
vt 0.571849 0.535603
vt 0.571849 0.534510
vt 0.571849 0.533323
vt 0.571849 0.532022
vt 0.571849 0.530805
vt 0.571849 0.529194
vt 0.571849 0.527768
vt 0.492625 0.524832
vt 0.492625 0.524042
vt 0.501087 0.524042
vt 0.501087 0.524832
vt 0.501087 0.525730
vt 0.501087 0.526854
vt 0.501087 0.528299
vt 0.501087 0.529932
vt 0.501087 0.531164
vt 0.501087 0.532483
vt 0.501087 0.533685
vt 0.501087 0.534793
vt 0.501087 0.535873
vt 0.501087 0.536735
vt 0.501087 0.537569
vt 0.501087 0.538607
vt 0.501087 0.539632
vt 0.501087 0.540881
vt 0.501087 0.542124
vt 0.501087 0.543723
vt 0.501087 0.545226
vt 0.501087 0.546663
vt 0.501087 0.547682
vt 0.492625 0.547682
vt 0.492639 0.546663
vt 0.492755 0.545226
vt 0.492974 0.543723
vt 0.493287 0.542124
vt 0.493564 0.540881
vt 0.493842 0.539632
vt 0.494039 0.538607
vt 0.494173 0.537569
vt 0.494209 0.536735
vt 0.494170 0.535873
vt 0.494027 0.534793
vt 0.493809 0.533685
vt 0.493539 0.532483
vt 0.493248 0.531164
vt 0.493007 0.529932
vt 0.492761 0.528299
vt 0.492641 0.526854
vt 0.492625 0.525730
vt 0.603073 0.528157
vt 0.603073 0.527271
vt 0.603073 0.526491
vt 0.610606 0.526491
vt 0.610606 0.527271
vt 0.610606 0.528157
vt 0.610622 0.529266
vt 0.610741 0.530692
vt 0.610983 0.532304
vt 0.611221 0.533520
vt 0.611509 0.534821
vt 0.611775 0.536008
vt 0.611990 0.537101
vt 0.612131 0.538168
vt 0.612169 0.539019
vt 0.612134 0.539841
vt 0.612002 0.540866
vt 0.611807 0.541878
vt 0.611533 0.543110
vt 0.611260 0.544337
vt 0.610951 0.545916
vt 0.610735 0.547399
vt 0.610620 0.548817
vt 0.610606 0.549822
vt 0.603073 0.549822
vt 0.603099 0.548817
vt 0.603317 0.547399
vt 0.603728 0.545916
vt 0.604315 0.544337
vt 0.604835 0.543110
vt 0.605356 0.541878
vt 0.605727 0.540866
vt 0.605978 0.539841
vt 0.606045 0.539019
vt 0.605973 0.538168
vt 0.605704 0.537101
vt 0.605294 0.536008
vt 0.604789 0.534821
vt 0.604242 0.533520
vt 0.603789 0.532304
vt 0.603329 0.530692
vt 0.603103 0.529266
vt 0.602862 0.549976
vt 0.602889 0.548958
vt 0.603110 0.547521
vt 0.603526 0.546018
vt 0.604121 0.544419
vt 0.604648 0.543176
vt 0.605176 0.541927
vt 0.605552 0.540902
vt 0.605806 0.539863
vt 0.605874 0.539030
vt 0.605801 0.538168
vt 0.605529 0.537087
vt 0.605114 0.535980
vt 0.604601 0.534777
vt 0.604047 0.533458
vt 0.603588 0.532226
vt 0.603122 0.530594
vt 0.602893 0.529149
vt 0.602862 0.528025
vt 0.602862 0.527127
vt 0.602862 0.526337
vt 0.596805 0.527127
vt 0.596804 0.526337
vt 0.596804 0.549976
vt 0.596841 0.548958
vt 0.597145 0.547521
vt 0.597718 0.546018
vt 0.598537 0.544419
vt 0.599262 0.543176
vt 0.599989 0.541927
vt 0.600506 0.540902
vt 0.600856 0.539863
vt 0.600950 0.539030
vt 0.600849 0.538168
vt 0.600474 0.537087
vt 0.599903 0.535980
vt 0.599198 0.534777
vt 0.598435 0.533458
vt 0.597803 0.532226
vt 0.597161 0.530594
vt 0.596847 0.529149
vt 0.596805 0.528025
vt 0.547045 0.524361
vt 0.547044 0.523571
vt 0.554678 0.523571
vt 0.554678 0.524361
vt 0.554678 0.525259
vt 0.554647 0.526383
vt 0.554419 0.527828
vt 0.553952 0.529461
vt 0.553493 0.530693
vt 0.552939 0.532012
vt 0.552427 0.533214
vt 0.552012 0.534322
vt 0.551739 0.535402
vt 0.551666 0.536265
vt 0.551734 0.537098
vt 0.551989 0.538136
vt 0.552364 0.539161
vt 0.552893 0.540410
vt 0.553419 0.541653
vt 0.554014 0.543252
vt 0.554431 0.544755
vt 0.554651 0.546192
vt 0.554678 0.547210
vt 0.547044 0.547210
vt 0.547030 0.546192
vt 0.546914 0.544755
vt 0.546695 0.543252
vt 0.546383 0.541653
vt 0.546106 0.540410
vt 0.545828 0.539161
vt 0.545631 0.538136
vt 0.545497 0.537098
vt 0.545461 0.536265
vt 0.545500 0.535402
vt 0.545643 0.534322
vt 0.545861 0.533214
vt 0.546130 0.532012
vt 0.546422 0.530693
vt 0.546663 0.529461
vt 0.546908 0.527828
vt 0.547028 0.526383
vt 0.547045 0.525259
vt 0.405754 0.192235
vt 0.417261 0.192244
vt 0.417236 0.198510
vt 0.405729 0.198501
vt 0.427641 0.192252
vt 0.427616 0.198518
vt 0.394248 0.192226
vt 0.394222 0.198492
vt 0.435882 0.192259
vt 0.435851 0.198524
vt 0.383868 0.192218
vt 0.383842 0.198484
vt 0.375630 0.192211
vt 0.375605 0.198478
vt 0.521282 0.192989
vt 0.531662 0.193036
vt 0.531634 0.199304
vt 0.521253 0.199256
vt 0.539899 0.193075
vt 0.539873 0.199341
vt 0.509776 0.192936
vt 0.509747 0.199203
vt 0.497945 0.192881
vt 0.497916 0.199149
vt 0.488214 0.192837
vt 0.488186 0.199105
vt 0.479654 0.192798
vt 0.479621 0.199065
vt 0.558554 0.698838
vt 0.558549 0.694254
vt 0.567011 0.694244
vt 0.567016 0.698828
vt 0.567199 0.861176
vt 0.558737 0.861185
vt 0.550093 0.698847
vt 0.550088 0.694263
vt 0.550275 0.861195
vt 0.574644 0.694236
vt 0.574650 0.698819
vt 0.574832 0.861167
vt 0.542459 0.698855
vt 0.542454 0.694272
vt 0.542641 0.861203
vt 0.580703 0.694228
vt 0.580708 0.698812
vt 0.580890 0.861160
vt 0.536401 0.698862
vt 0.536396 0.694279
vt 0.536584 0.861210
vt 0.490520 0.698942
vt 0.490515 0.694358
vt 0.498149 0.694357
vt 0.498154 0.698941
vt 0.498335 0.861290
vt 0.490701 0.861290
vt 0.482058 0.698942
vt 0.482053 0.694358
vt 0.482240 0.861290
vt 0.504207 0.694357
vt 0.504211 0.698941
vt 0.504393 0.861289
vt 0.473596 0.698942
vt 0.473592 0.694359
vt 0.473778 0.861290
vt 0.465963 0.698942
vt 0.465958 0.694359
vt 0.466144 0.861291
vt 0.459905 0.698943
vt 0.459900 0.694359
vt 0.460086 0.861291
vt 0.588536 0.627887
vt 0.574600 0.627854
vt 0.574615 0.618281
vt 0.588552 0.618314
vt 0.562027 0.627825
vt 0.562043 0.618252
vt 0.602473 0.627919
vt 0.602489 0.618346
vt 0.552050 0.627802
vt 0.552066 0.618229
vt 0.615045 0.627948
vt 0.615061 0.618375
vt 0.625023 0.627971
vt 0.625039 0.618399
vt 0.448610 0.627582
vt 0.436038 0.627562
vt 0.436053 0.617989
vt 0.448625 0.618009
vt 0.426060 0.627547
vt 0.426075 0.617973
vt 0.462546 0.627604
vt 0.462561 0.618031
vt 0.476483 0.627626
vt 0.476498 0.618053
vt 0.489056 0.627645
vt 0.489070 0.618073
vt 0.499904 0.627664
vt 0.499920 0.618091
vt 0.473601 0.450274
vt 0.487537 0.450433
vt 0.487530 0.457889
vt 0.473593 0.457730
vt 0.500332 0.450580
vt 0.500325 0.458035
vt 0.459664 0.450114
vt 0.459657 0.457570
vt 0.509864 0.450690
vt 0.509857 0.458144
vt 0.447091 0.449970
vt 0.447085 0.457426
vt 0.437113 0.449856
vt 0.437108 0.457311
vt 0.613524 0.451362
vt 0.626097 0.451366
vt 0.626095 0.458821
vt 0.613522 0.458818
vt 0.636074 0.451368
vt 0.636073 0.458824
vt 0.599588 0.451358
vt 0.599586 0.458814
vt 0.585651 0.451355
vt 0.585649 0.458810
vt 0.573079 0.451351
vt 0.573077 0.458807
vt 0.563103 0.451349
vt 0.563098 0.458804
vt 0.489460 0.132348
vt 0.480321 0.129480
vt 0.481759 0.126587
vt 0.489933 0.129153
vt 0.472517 0.123928
vt 0.474778 0.121621
vt 0.499037 0.132252
vt 0.498500 0.129067
vt 0.466809 0.116236
vt 0.469673 0.114741
vt 0.508117 0.129202
vt 0.506621 0.126338
vt 0.463758 0.107157
vt 0.466944 0.106620
vt 0.515809 0.123494
vt 0.513501 0.121233
vt 0.463663 0.097579
vt 0.466858 0.098053
vt 0.521360 0.115690
vt 0.518467 0.114252
vt 0.466531 0.088441
vt 0.469424 0.089879
vt 0.524229 0.106551
vt 0.521033 0.106078
vt 0.472083 0.080636
vt 0.474390 0.082898
vt 0.524133 0.096974
vt 0.520947 0.097511
vt 0.479775 0.074929
vt 0.481270 0.077793
vt 0.521082 0.087894
vt 0.518218 0.089390
vt 0.488854 0.071878
vt 0.489391 0.075064
vt 0.515374 0.080203
vt 0.513113 0.082510
vt 0.498432 0.071782
vt 0.497958 0.074978
vt 0.507570 0.074650
vt 0.506132 0.077544
vt 0.479169 0.014459
vt 0.488248 0.011408
vt 0.493340 0.041595
vt 0.497826 0.011312
vt 0.471477 0.020166
vt 0.506964 0.014180
vt 0.465925 0.027971
vt 0.514769 0.019732
vt 0.463057 0.037109
vt 0.520476 0.027424
vt 0.463153 0.046687
vt 0.523527 0.036503
vt 0.466204 0.055766
vt 0.523623 0.046081
vt 0.471911 0.063458
vt 0.520755 0.055219
vt 0.479716 0.069010
vt 0.515203 0.063024
vt 0.507511 0.068731
vt 0.501074 0.906416
vt 0.497773 0.915407
vt 0.471040 0.900489
vt 0.491854 0.922937
vt 0.501435 0.896844
vt 0.483899 0.928271
vt 0.498821 0.887630
vt 0.474684 0.930885
vt 0.493488 0.879674
vt 0.465113 0.930523
vt 0.485957 0.873756
vt 0.456122 0.927222
vt 0.476966 0.870455
vt 0.448591 0.921304
vt 0.467395 0.870093
vt 0.443258 0.913348
vt 0.458181 0.872707
vt 0.440644 0.904134
vt 0.450225 0.878040
vt 0.441005 0.894562
vt 0.444307 0.885571
vt 0.495623 0.966219
vt 0.495946 0.957659
vt 0.499154 0.957274
vt 0.498793 0.966845
vt 0.493608 0.949417
vt 0.496540 0.948059
vt 0.492670 0.974262
vt 0.495492 0.975836
vt 0.488837 0.942301
vt 0.491206 0.940104
vt 0.487377 0.980998
vt 0.489573 0.983367
vt 0.482101 0.937007
vt 0.483676 0.934186
vt 0.480261 0.985769
vt 0.481618 0.988701
vt 0.474059 0.934054
vt 0.472019 0.988107
vt 0.472404 0.991315
vt 0.465497 0.933731
vt 0.463458 0.987784
vt 0.462832 0.990954
vt 0.457256 0.936069
vt 0.455899 0.933138
vt 0.455416 0.984831
vt 0.453842 0.987653
vt 0.450140 0.940840
vt 0.447943 0.938471
vt 0.448679 0.979537
vt 0.446311 0.981735
vt 0.444847 0.947576
vt 0.442025 0.946002
vt 0.443909 0.972422
vt 0.440977 0.973779
vt 0.441894 0.955619
vt 0.438724 0.954993
vt 0.441570 0.964180
vt 0.438363 0.964565
vt 0.472779 0.143573
vt 0.473872 0.144677
vt 0.468789 0.151608
vt 0.467407 0.150896
vt 0.480149 0.138269
vt 0.480849 0.139657
vt 0.473935 0.144741
vt 0.468868 0.151649
vt 0.466096 0.159770
vt 0.464562 0.159520
vt 0.488799 0.135502
vt 0.489035 0.137038
vt 0.480889 0.139736
vt 0.466184 0.159785
vt 0.466057 0.168365
vt 0.464520 0.168601
vt 0.497880 0.135543
vt 0.497630 0.137077
vt 0.489049 0.137126
vt 0.466145 0.168352
vt 0.468676 0.176552
vt 0.467288 0.177251
vt 0.506504 0.138388
vt 0.505792 0.139770
vt 0.497616 0.137165
vt 0.468756 0.176512
vt 0.473696 0.183528
vt 0.472592 0.184622
vt 0.513827 0.143759
vt 0.512723 0.144854
vt 0.505752 0.139849
vt 0.473760 0.183465
vt 0.480627 0.188612
vt 0.479915 0.189993
vt 0.519132 0.151131
vt 0.517743 0.151830
vt 0.512660 0.144916
vt 0.480668 0.188532
vt 0.488789 0.191305
vt 0.521899 0.159780
vt 0.520362 0.160016
vt 0.517664 0.151870
vt 0.488803 0.191217
vt 0.497384 0.191343
vt 0.521857 0.168861
vt 0.520323 0.168611
vt 0.520274 0.160030
vt 0.497371 0.191256
vt 0.505570 0.188725
vt 0.506270 0.190113
vt 0.519012 0.177485
vt 0.517630 0.176774
vt 0.520236 0.168597
vt 0.505530 0.188645
vt 0.512547 0.183704
vt 0.513641 0.184808
vt 0.517551 0.176733
vt 0.512484 0.183641
vt 0.473412 0.247134
vt 0.472308 0.248229
vt 0.467003 0.240858
vt 0.468391 0.240158
vt 0.480344 0.252217
vt 0.479632 0.253599
vt 0.464235 0.232209
vt 0.465771 0.231972
vt 0.468471 0.240119
vt 0.473475 0.247072
vt 0.480384 0.252138
vt 0.488506 0.254909
vt 0.488256 0.256444
vt 0.464275 0.223127
vt 0.465810 0.223377
vt 0.465859 0.231959
vt 0.488520 0.254822
vt 0.497101 0.254948
vt 0.497337 0.256484
vt 0.467120 0.214503
vt 0.468502 0.215215
vt 0.465898 0.223392
vt 0.497087 0.254860
vt 0.505287 0.252328
vt 0.505986 0.253716
vt 0.472490 0.207180
vt 0.473585 0.208284
vt 0.468581 0.215256
vt 0.505247 0.252249
vt 0.512263 0.247307
vt 0.513357 0.248411
vt 0.479861 0.201875
vt 0.480561 0.203263
vt 0.473647 0.208347
vt 0.512200 0.247244
vt 0.517346 0.240376
vt 0.518727 0.241087
vt 0.488747 0.200643
vt 0.480601 0.203342
vt 0.517267 0.240335
vt 0.520038 0.232213
vt 0.521572 0.232463
vt 0.497342 0.200681
vt 0.488760 0.200731
vt 0.519950 0.232199
vt 0.520076 0.223618
vt 0.521612 0.223382
vt 0.506216 0.201991
vt 0.505504 0.203373
vt 0.497327 0.200769
vt 0.519988 0.223632
vt 0.517456 0.215432
vt 0.518844 0.214732
vt 0.513539 0.207362
vt 0.512435 0.208456
vt 0.505463 0.203452
vt 0.517377 0.215472
vt 0.512372 0.208519
vt 0.564274 0.887607
vt 0.562905 0.888342
vt 0.557703 0.881500
vt 0.558778 0.880378
vt 0.567268 0.896180
vt 0.565739 0.896457
vt 0.562827 0.888384
vt 0.557641 0.881565
vt 0.550641 0.876601
vt 0.551316 0.875201
vt 0.567466 0.905259
vt 0.565926 0.905050
vt 0.565651 0.896473
vt 0.550602 0.876681
vt 0.542411 0.874124
vt 0.542620 0.872584
vt 0.564849 0.913955
vt 0.563449 0.913281
vt 0.565838 0.905038
vt 0.542398 0.874212
vt 0.533817 0.874311
vt 0.533541 0.872782
vt 0.559673 0.921417
vt 0.558550 0.920342
vt 0.563369 0.913242
vt 0.533833 0.874399
vt 0.525703 0.877145
vt 0.524967 0.875776
vt 0.552444 0.926914
vt 0.551708 0.925545
vt 0.558485 0.920281
vt 0.525745 0.877223
vt 0.518861 0.882347
vt 0.517738 0.881273
vt 0.543870 0.929908
vt 0.543593 0.928378
vt 0.551666 0.925466
vt 0.518925 0.882409
vt 0.513962 0.889410
vt 0.512562 0.888734
vt 0.534791 0.930106
vt 0.535000 0.928566
vt 0.543577 0.928291
vt 0.514042 0.889448
vt 0.511485 0.897640
vt 0.509944 0.897430
vt 0.526095 0.927489
vt 0.526770 0.926088
vt 0.535012 0.928477
vt 0.511573 0.897652
vt 0.511672 0.906233
vt 0.510142 0.906509
vt 0.518633 0.922312
vt 0.519708 0.921189
vt 0.526809 0.926008
vt 0.511759 0.906217
vt 0.514506 0.914347
vt 0.513136 0.915083
vt 0.519769 0.921125
vt 0.514584 0.914305
vt 0.564701 0.970603
vt 0.566101 0.971278
vt 0.560925 0.978740
vt 0.559802 0.977665
vt 0.567178 0.962372
vt 0.568718 0.962582
vt 0.553696 0.984237
vt 0.552961 0.982868
vt 0.559738 0.977604
vt 0.564621 0.970564
vt 0.567090 0.962361
vt 0.566990 0.953779
vt 0.568519 0.953503
vt 0.545123 0.987231
vt 0.544846 0.985702
vt 0.552918 0.982789
vt 0.566902 0.953795
vt 0.564156 0.945665
vt 0.565525 0.944929
vt 0.536044 0.987430
vt 0.536253 0.985890
vt 0.544831 0.985614
vt 0.564078 0.945707
vt 0.558953 0.938823
vt 0.560028 0.937700
vt 0.527348 0.984813
vt 0.528023 0.983413
vt 0.536265 0.985802
vt 0.558892 0.938888
vt 0.551891 0.933924
vt 0.552566 0.932524
vt 0.519886 0.979637
vt 0.520961 0.978514
vt 0.528061 0.983333
vt 0.551852 0.934005
vt 0.543660 0.931448
vt 0.514388 0.972409
vt 0.515758 0.971672
vt 0.521022 0.978450
vt 0.543648 0.931536
vt 0.535067 0.931635
vt 0.511394 0.963835
vt 0.512923 0.963558
vt 0.515836 0.971630
vt 0.535083 0.931723
vt 0.526953 0.934469
vt 0.526217 0.933100
vt 0.511196 0.954756
vt 0.512736 0.954965
vt 0.513011 0.963542
vt 0.526995 0.934548
vt 0.520112 0.939672
vt 0.518989 0.938598
vt 0.513813 0.946059
vt 0.515212 0.946735
vt 0.512824 0.954977
vt 0.520176 0.939734
vt 0.515293 0.946773
vt 0.485623 0.467190
vt 0.492611 0.462234
vt 0.492770 0.462554
vt 0.485873 0.467446
vt 0.491875 0.460747
vt 0.484464 0.466004
vt 0.500789 0.459679
vt 0.480508 0.474063
vt 0.479039 0.473293
vt 0.509356 0.459777
vt 0.477768 0.482180
vt 0.476133 0.481902
vt 0.518243 0.461048
vt 0.517473 0.462517
vt 0.509296 0.460130
vt 0.500841 0.460033
vt 0.480826 0.474229
vt 0.478121 0.482240
vt 0.477671 0.490747
vt 0.476030 0.490988
vt 0.525532 0.466472
vt 0.524346 0.467632
vt 0.480225 0.498925
vt 0.478739 0.499661
vt 0.530789 0.473884
vt 0.529302 0.474620
vt 0.524090 0.467882
vt 0.517307 0.462834
vt 0.478025 0.490695
vt 0.480546 0.498766
vt 0.485181 0.505913
vt 0.483995 0.507072
vt 0.533498 0.482557
vt 0.531856 0.482797
vt 0.492055 0.511027
vt 0.491285 0.512496
vt 0.533394 0.491642
vt 0.531758 0.491364
vt 0.531503 0.482849
vt 0.528981 0.474778
vt 0.485437 0.505663
vt 0.492221 0.510710
vt 0.500172 0.513767
vt 0.499894 0.515402
vt 0.530488 0.500251
vt 0.529019 0.499481
vt 0.508738 0.513865
vt 0.508979 0.515506
vt 0.525064 0.507541
vt 0.523904 0.506354
vt 0.528702 0.499315
vt 0.531406 0.491304
vt 0.500232 0.513415
vt 0.508687 0.513511
vt 0.516916 0.511311
vt 0.517652 0.512797
vt 0.516757 0.510990
vt 0.523654 0.506099
vt 0.532279 0.660716
vt 0.529611 0.668857
vt 0.529293 0.668694
vt 0.531926 0.660659
vt 0.533917 0.660980
vt 0.531087 0.669614
vt 0.532301 0.652148
vt 0.533940 0.651893
vt 0.525727 0.676951
vt 0.524557 0.675775
vt 0.529675 0.643994
vt 0.531155 0.643245
vt 0.518362 0.682272
vt 0.517613 0.680793
vt 0.524657 0.637049
vt 0.525833 0.635880
vt 0.531948 0.652204
vt 0.529356 0.644155
vt 0.509714 0.685058
vt 0.509458 0.683419
vt 0.517451 0.680474
vt 0.524305 0.675522
vt 0.517739 0.631996
vt 0.518496 0.630520
vt 0.500628 0.685035
vt 0.500891 0.683397
vt 0.509598 0.629328
vt 0.510733 0.627693
vt 0.524403 0.637303
vt 0.517575 0.632315
vt 0.491994 0.682205
vt 0.492750 0.680729
vt 0.500948 0.683044
vt 0.509403 0.683066
vt 0.501030 0.629306
vt 0.484656 0.676845
vt 0.485832 0.675675
vt 0.492876 0.631932
vt 0.492127 0.630452
vt 0.509541 0.629681
vt 0.501086 0.629659
vt 0.479334 0.669480
vt 0.480814 0.668732
vt 0.486086 0.675423
vt 0.492913 0.680411
vt 0.485932 0.636950
vt 0.484762 0.635774
vt 0.476549 0.660832
vt 0.478188 0.660577
vt 0.480878 0.643868
vt 0.479402 0.643111
vt 0.493038 0.632251
vt 0.486184 0.637203
vt 0.476573 0.651745
vt 0.478210 0.652009
vt 0.478542 0.660521
vt 0.481133 0.668570
vt 0.481197 0.644031
vt 0.478563 0.652066
vt 0.532469 0.585209
vt 0.534107 0.584955
vt 0.534083 0.594041
vt 0.532445 0.593777
vt 0.529842 0.577054
vt 0.531323 0.576305
vt 0.531252 0.602674
vt 0.529776 0.601917
vt 0.524825 0.570110
vt 0.526002 0.568940
vt 0.525892 0.610011
vt 0.524722 0.608835
vt 0.517908 0.565056
vt 0.518665 0.563579
vt 0.518526 0.615332
vt 0.517777 0.613852
vt 0.509767 0.562386
vt 0.510031 0.560749
vt 0.510749 0.618119
vt 0.509623 0.616478
vt 0.501200 0.562364
vt 0.500944 0.560725
vt 0.501055 0.616455
vt 0.493045 0.564989
vt 0.492296 0.563509
vt 0.492157 0.615262
vt 0.492915 0.613786
vt 0.486100 0.570006
vt 0.484931 0.568830
vt 0.484821 0.609901
vt 0.485997 0.608731
vt 0.481046 0.576924
vt 0.479570 0.576167
vt 0.479500 0.602536
vt 0.480980 0.601787
vt 0.478377 0.585065
vt 0.476739 0.584801
vt 0.476715 0.593887
vt 0.478354 0.593632
vt 0.491946 0.447676
vt 0.492717 0.446207
vt 0.500833 0.448948
vt 0.484657 0.442252
vt 0.485843 0.441092
vt 0.509400 0.449046
vt 0.479401 0.434840
vt 0.480887 0.434104
vt 0.517578 0.446491
vt 0.518314 0.447978
vt 0.476692 0.426167
vt 0.478333 0.425927
vt 0.524566 0.441535
vt 0.525725 0.442721
vt 0.476796 0.417082
vt 0.478431 0.417360
vt 0.529680 0.434662
vt 0.531150 0.435432
vt 0.479702 0.408473
vt 0.481171 0.409243
vt 0.532421 0.426546
vt 0.534056 0.426823
vt 0.485127 0.401183
vt 0.486286 0.402370
vt 0.532519 0.417979
vt 0.534160 0.417738
vt 0.492538 0.395927
vt 0.493274 0.397413
vt 0.529965 0.409801
vt 0.531451 0.409065
vt 0.501211 0.393218
vt 0.501452 0.394859
vt 0.525009 0.402813
vt 0.526195 0.401653
vt 0.510297 0.393322
vt 0.510019 0.394958
vt 0.518136 0.397698
vt 0.518906 0.396229
vt 0.567298 0.263350
vt 0.574931 0.263476
vt 0.574906 0.386687
vt 0.567272 0.386562
vt 0.558836 0.263212
vt 0.558810 0.386423
vt 0.550375 0.263073
vt 0.550349 0.386285
vt 0.490804 0.261925
vt 0.490773 0.385136
vt 0.482342 0.261758
vt 0.482311 0.384970
vt 0.473881 0.261592
vt 0.473849 0.384804
vt 0.424776 0.524721
vt 0.424776 0.523834
vt 0.424776 0.523055
vt 0.432309 0.523055
vt 0.432309 0.523834
vt 0.432309 0.524721
vt 0.432279 0.525830
vt 0.432053 0.527256
vt 0.431593 0.528867
vt 0.431140 0.530083
vt 0.430593 0.531385
vt 0.430087 0.532571
vt 0.429678 0.533665
vt 0.429409 0.534731
vt 0.429337 0.535582
vt 0.429404 0.536404
vt 0.429655 0.537429
vt 0.430026 0.538441
vt 0.430547 0.539673
vt 0.431067 0.540900
vt 0.431654 0.542479
vt 0.432065 0.543962
vt 0.432283 0.545380
vt 0.432309 0.546385
vt 0.424776 0.546385
vt 0.424762 0.545380
vt 0.424648 0.543962
vt 0.424431 0.542479
vt 0.424123 0.540900
vt 0.423850 0.539673
vt 0.423575 0.538441
vt 0.423380 0.537429
vt 0.423248 0.536404
vt 0.423213 0.535582
vt 0.423251 0.534731
vt 0.423392 0.533665
vt 0.423607 0.532571
vt 0.423873 0.531385
vt 0.424161 0.530083
vt 0.424399 0.528867
vt 0.424641 0.527256
vt 0.424760 0.525830
vt 0.432520 0.522900
vt 0.432520 0.523690
vt 0.432520 0.524588
vt 0.432489 0.525712
vt 0.432260 0.527157
vt 0.431794 0.528789
vt 0.431335 0.530022
vt 0.430781 0.531340
vt 0.430268 0.532543
vt 0.429854 0.533651
vt 0.429581 0.534731
vt 0.429508 0.535594
vt 0.429576 0.536427
vt 0.429830 0.537465
vt 0.430206 0.538490
vt 0.430734 0.539739
vt 0.431261 0.540982
vt 0.431856 0.542582
vt 0.432272 0.544085
vt 0.432493 0.545521
vt 0.432520 0.546539
vt 0.435927 0.523624
vt 0.435927 0.522833
vt 0.444389 0.522833
vt 0.444389 0.523624
vt 0.444389 0.524522
vt 0.444373 0.525645
vt 0.444253 0.527090
vt 0.444007 0.528723
vt 0.443766 0.529955
vt 0.443475 0.531274
vt 0.443205 0.532476
vt 0.442987 0.533584
vt 0.442844 0.534664
vt 0.442806 0.535527
vt 0.442842 0.536360
vt 0.442975 0.537398
vt 0.443172 0.538423
vt 0.443450 0.539672
vt 0.443727 0.540916
vt 0.444040 0.542515
vt 0.444259 0.544018
vt 0.444375 0.545454
vt 0.444389 0.546473
vt 0.435927 0.546473
vt 0.435927 0.545454
vt 0.435927 0.544018
vt 0.435927 0.542515
vt 0.435927 0.540916
vt 0.435927 0.539672
vt 0.435927 0.538423
vt 0.435927 0.537398
vt 0.435927 0.536360
vt 0.435927 0.535527
vt 0.435927 0.534664
vt 0.435927 0.533584
vt 0.435927 0.532476
vt 0.435927 0.531274
vt 0.435927 0.529955
vt 0.435927 0.528723
vt 0.435927 0.527090
vt 0.435927 0.525645
vt 0.435927 0.524522
vt 0.447259 0.524836
vt 0.447259 0.523950
vt 0.447259 0.523170
vt 0.455610 0.523170
vt 0.455610 0.523950
vt 0.455610 0.524836
vt 0.455610 0.525945
vt 0.455610 0.527371
vt 0.455610 0.528983
vt 0.455610 0.530199
vt 0.455610 0.531500
vt 0.455610 0.532687
vt 0.455610 0.533780
vt 0.455610 0.534846
vt 0.455610 0.535698
vt 0.455610 0.536520
vt 0.455610 0.537545
vt 0.455610 0.538556
vt 0.455610 0.539789
vt 0.455610 0.541016
vt 0.455610 0.542594
vt 0.455610 0.544078
vt 0.455610 0.545496
vt 0.455610 0.546501
vt 0.447259 0.546501
vt 0.447273 0.545496
vt 0.447387 0.544078
vt 0.447603 0.542594
vt 0.447912 0.541016
vt 0.448185 0.539789
vt 0.448460 0.538556
vt 0.448654 0.537545
vt 0.448786 0.536520
vt 0.448822 0.535698
vt 0.448784 0.534846
vt 0.448642 0.533780
vt 0.448427 0.532687
vt 0.448161 0.531500
vt 0.447874 0.530199
vt 0.447635 0.528983
vt 0.447393 0.527371
vt 0.447275 0.525945
vt 0.458632 0.524253
vt 0.458632 0.523463
vt 0.466266 0.523463
vt 0.466266 0.524253
vt 0.466266 0.525151
vt 0.466282 0.526275
vt 0.466402 0.527719
vt 0.466647 0.529352
vt 0.466889 0.530584
vt 0.467180 0.531903
vt 0.467450 0.533105
vt 0.467668 0.534213
vt 0.467811 0.535293
vt 0.467849 0.536156
vt 0.467813 0.536989
vt 0.467680 0.538027
vt 0.467483 0.539053
vt 0.467204 0.540301
vt 0.466928 0.541545
vt 0.466615 0.543144
vt 0.466396 0.544647
vt 0.466280 0.546084
vt 0.466266 0.547102
vt 0.458632 0.547102
vt 0.458659 0.546084
vt 0.458880 0.544647
vt 0.459296 0.543144
vt 0.459891 0.541545
vt 0.460418 0.540301
vt 0.460947 0.539053
vt 0.461322 0.538027
vt 0.461576 0.536989
vt 0.461644 0.536156
vt 0.461571 0.535293
vt 0.461299 0.534213
vt 0.460884 0.533105
vt 0.460371 0.531903
vt 0.459817 0.530584
vt 0.459358 0.529352
vt 0.458892 0.527719
vt 0.458663 0.526275
vt 0.458632 0.525151
vt 0.511419 0.546117
vt 0.511419 0.547004
vt 0.511419 0.547783
vt 0.503885 0.547783
vt 0.503885 0.547004
vt 0.503885 0.546117
vt 0.503916 0.545008
vt 0.504141 0.543583
vt 0.504601 0.541971
vt 0.505054 0.540755
vt 0.505601 0.539453
vt 0.506107 0.538267
vt 0.506517 0.537174
vt 0.506786 0.536107
vt 0.506858 0.535256
vt 0.506790 0.534434
vt 0.506539 0.533409
vt 0.506169 0.532397
vt 0.505647 0.531165
vt 0.505127 0.529938
vt 0.504541 0.528359
vt 0.504129 0.526876
vt 0.503912 0.525458
vt 0.503885 0.524453
vt 0.511419 0.524453
vt 0.511433 0.525458
vt 0.511547 0.526876
vt 0.511764 0.528359
vt 0.512072 0.529938
vt 0.512345 0.531165
vt 0.512620 0.532397
vt 0.512815 0.533409
vt 0.512946 0.534434
vt 0.512982 0.535256
vt 0.512944 0.536107
vt 0.512802 0.537174
vt 0.512587 0.538267
vt 0.512321 0.539453
vt 0.512034 0.540755
vt 0.511796 0.541971
vt 0.511554 0.543583
vt 0.511435 0.545008
vt 0.503675 0.547938
vt 0.503675 0.547148
vt 0.503675 0.546249
vt 0.503706 0.545126
vt 0.503935 0.543681
vt 0.504401 0.542048
vt 0.504860 0.540816
vt 0.505414 0.539497
vt 0.505926 0.538295
vt 0.506341 0.537187
vt 0.506614 0.536107
vt 0.506687 0.535244
vt 0.506619 0.534411
vt 0.506364 0.533373
vt 0.505989 0.532348
vt 0.505460 0.531099
vt 0.504934 0.529856
vt 0.504339 0.528257
vt 0.503922 0.526754
vt 0.503702 0.525317
vt 0.503675 0.524299
vt 0.522509 0.546604
vt 0.522509 0.547394
vt 0.514048 0.547394
vt 0.514048 0.546604
vt 0.514048 0.545706
vt 0.514064 0.544582
vt 0.514184 0.543138
vt 0.514429 0.541505
vt 0.514671 0.540273
vt 0.514962 0.538954
vt 0.515231 0.537752
vt 0.515449 0.536644
vt 0.515593 0.535564
vt 0.515631 0.534701
vt 0.515595 0.533868
vt 0.515461 0.532830
vt 0.515264 0.531804
vt 0.514986 0.530556
vt 0.514710 0.529312
vt 0.514397 0.527713
vt 0.514177 0.526210
vt 0.514062 0.524773
vt 0.514048 0.523755
vt 0.522509 0.523755
vt 0.522509 0.524773
vt 0.522509 0.526210
vt 0.522509 0.527713
vt 0.522509 0.529312
vt 0.522509 0.530556
vt 0.522509 0.531804
vt 0.522509 0.532830
vt 0.522509 0.533868
vt 0.522509 0.534701
vt 0.522509 0.535564
vt 0.522509 0.536644
vt 0.522509 0.537752
vt 0.522509 0.538954
vt 0.522509 0.540273
vt 0.522509 0.541505
vt 0.522509 0.543138
vt 0.522509 0.544582
vt 0.522509 0.545706
vt 0.592992 0.546658
vt 0.592992 0.547544
vt 0.592992 0.548324
vt 0.584641 0.548324
vt 0.584641 0.547544
vt 0.584641 0.546658
vt 0.584641 0.545549
vt 0.584641 0.544123
vt 0.584641 0.542512
vt 0.584641 0.541295
vt 0.584641 0.539994
vt 0.584641 0.538807
vt 0.584641 0.537714
vt 0.584641 0.536648
vt 0.584641 0.535796
vt 0.584641 0.534974
vt 0.584641 0.533949
vt 0.584641 0.532938
vt 0.584641 0.531705
vt 0.584641 0.530478
vt 0.584641 0.528899
vt 0.584641 0.527416
vt 0.584641 0.525998
vt 0.584641 0.524994
vt 0.592992 0.524994
vt 0.592979 0.525998
vt 0.592864 0.527416
vt 0.592648 0.528899
vt 0.592339 0.530478
vt 0.592066 0.531705
vt 0.591792 0.532938
vt 0.591597 0.533949
vt 0.591465 0.534974
vt 0.591430 0.535796
vt 0.591467 0.536648
vt 0.591609 0.537714
vt 0.591824 0.538807
vt 0.592090 0.539994
vt 0.592378 0.541295
vt 0.592616 0.542512
vt 0.592858 0.544123
vt 0.592977 0.545549
vt 0.534701 0.547117
vt 0.534702 0.547907
vt 0.527068 0.547907
vt 0.527068 0.547117
vt 0.527068 0.546219
vt 0.527052 0.545095
vt 0.526932 0.543650
vt 0.526686 0.542018
vt 0.526445 0.540785
vt 0.526154 0.539467
vt 0.525884 0.538264
vt 0.525666 0.537156
vt 0.525523 0.536076
vt 0.525484 0.535213
vt 0.525520 0.534380
vt 0.525654 0.533342
vt 0.525851 0.532317
vt 0.526130 0.531068
vt 0.526406 0.529825
vt 0.526719 0.528225
vt 0.526938 0.526722
vt 0.527054 0.525286
vt 0.527068 0.524268
vt 0.534702 0.524268
vt 0.534675 0.525286
vt 0.534454 0.526722
vt 0.534038 0.528225
vt 0.533442 0.529825
vt 0.532916 0.531068
vt 0.532387 0.532317
vt 0.532012 0.533342
vt 0.531758 0.534380
vt 0.531690 0.535213
vt 0.531763 0.536076
vt 0.532035 0.537156
vt 0.532450 0.538264
vt 0.532963 0.539467
vt 0.533517 0.540785
vt 0.533976 0.542018
vt 0.534442 0.543650
vt 0.534671 0.545095
vt 0.534701 0.546219
vt 0.573291 0.193034
vt 0.583671 0.193022
vt 0.583648 0.199288
vt 0.573268 0.199301
vt 0.561784 0.193048
vt 0.561761 0.199315
vt 0.550277 0.193062
vt 0.550254 0.199329
vt 0.469276 0.192671
vt 0.469240 0.198936
vt 0.457770 0.192529
vt 0.457734 0.198794
vt 0.446265 0.192387
vt 0.446228 0.198652
vt 0.528767 0.698880
vt 0.528762 0.694297
vt 0.536396 0.694279
vt 0.528951 0.861229
vt 0.520306 0.698902
vt 0.520300 0.694318
vt 0.520489 0.861251
vt 0.511844 0.698922
vt 0.511838 0.694339
vt 0.512028 0.861271
vt 0.504205 0.694357
vt 0.452271 0.698944
vt 0.452266 0.694360
vt 0.459900 0.694359
vt 0.452453 0.861293
vt 0.443810 0.698946
vt 0.443805 0.694362
vt 0.443991 0.861295
vt 0.435348 0.698948
vt 0.435343 0.694365
vt 0.435529 0.861296
vt 0.427714 0.698950
vt 0.427709 0.694367
vt 0.427896 0.861298
vt 0.385614 0.627475
vt 0.373042 0.627453
vt 0.373057 0.617879
vt 0.385630 0.617901
vt 0.399551 0.627500
vt 0.399566 0.617926
vt 0.413487 0.627525
vt 0.413503 0.617951
vt 0.525541 0.627732
vt 0.525557 0.618158
vt 0.539478 0.627769
vt 0.539494 0.618195
vt 0.424540 0.449829
vt 0.424537 0.457284
vt 0.410603 0.449800
vt 0.410600 0.457254
vt 0.396667 0.449769
vt 0.396664 0.457224
vt 0.384094 0.449742
vt 0.384091 0.457197
vt 0.550532 0.451194
vt 0.550525 0.458647
vt 0.536595 0.451021
vt 0.536588 0.458474
vt 0.522659 0.450849
vt 0.522651 0.458302
vt 0.472631 0.525275
vt 0.472631 0.524389
vt 0.472631 0.523609
vt 0.478609 0.523609
vt 0.478609 0.524389
vt 0.478609 0.525275
vt 0.478568 0.526384
vt 0.478257 0.527810
vt 0.477624 0.529421
vt 0.477000 0.530638
vt 0.476247 0.531939
vt 0.475551 0.533126
vt 0.474987 0.534219
vt 0.474617 0.535285
vt 0.474518 0.536137
vt 0.474611 0.536959
vt 0.474956 0.537983
vt 0.475466 0.538995
vt 0.476184 0.540228
vt 0.476899 0.541455
vt 0.477707 0.543033
vt 0.478274 0.544517
vt 0.478573 0.545934
vt 0.478609 0.546940
vt 0.472631 0.546940
vt 0.472604 0.545934
vt 0.472386 0.544517
vt 0.471975 0.543033
vt 0.471388 0.541455
vt 0.470868 0.540228
vt 0.470347 0.538995
vt 0.469976 0.537983
vt 0.469725 0.536959
vt 0.469657 0.536137
vt 0.469730 0.535285
vt 0.469999 0.534219
vt 0.470409 0.533126
vt 0.470914 0.531939
vt 0.471461 0.530638
vt 0.471914 0.529421
vt 0.472375 0.527810
vt 0.472600 0.526384
vt 0.478899 0.523455
vt 0.478898 0.524245
vt 0.478898 0.525143
vt 0.478856 0.526266
vt 0.478541 0.527711
vt 0.477900 0.529344
vt 0.477268 0.530576
vt 0.476505 0.531895
vt 0.475799 0.533097
vt 0.475229 0.534205
vt 0.474854 0.535285
vt 0.474753 0.536148
vt 0.474847 0.536981
vt 0.475197 0.538019
vt 0.475713 0.539044
vt 0.476441 0.540293
vt 0.477166 0.541537
vt 0.477985 0.543136
vt 0.478558 0.544639
vt 0.478861 0.546076
vt 0.478899 0.547094
vt 0.538317 0.525988
vt 0.538317 0.525101
vt 0.538317 0.524322
vt 0.544296 0.524322
vt 0.544296 0.525101
vt 0.544296 0.525988
vt 0.544254 0.527097
vt 0.543944 0.528523
vt 0.543311 0.530134
vt 0.542687 0.531350
vt 0.541934 0.532652
vt 0.541238 0.533838
vt 0.540674 0.534932
vt 0.540304 0.535998
vt 0.540205 0.536849
vt 0.540298 0.537671
vt 0.540643 0.538696
vt 0.541153 0.539708
vt 0.541871 0.540940
vt 0.542586 0.542167
vt 0.543394 0.543746
vt 0.543960 0.545229
vt 0.544260 0.546647
vt 0.544296 0.547652
vt 0.538317 0.547652
vt 0.538291 0.546647
vt 0.538073 0.545229
vt 0.537662 0.543746
vt 0.537075 0.542167
vt 0.536556 0.540940
vt 0.536034 0.539708
vt 0.535663 0.538696
vt 0.535412 0.537671
vt 0.535345 0.536849
vt 0.535417 0.535998
vt 0.535686 0.534932
vt 0.536095 0.533838
vt 0.536601 0.532652
vt 0.537148 0.531350
vt 0.537601 0.530134
vt 0.538061 0.528523
vt 0.538287 0.527097
vt 0.544586 0.524167
vt 0.544586 0.524957
vt 0.544585 0.525856
vt 0.544543 0.526979
vt 0.544228 0.528424
vt 0.543587 0.530057
vt 0.542955 0.531289
vt 0.542192 0.532608
vt 0.541487 0.533810
vt 0.540916 0.534918
vt 0.540540 0.535998
vt 0.540440 0.536861
vt 0.540534 0.537694
vt 0.540884 0.538732
vt 0.541401 0.539757
vt 0.542128 0.541006
vt 0.542853 0.542249
vt 0.543671 0.543849
vt 0.544245 0.545352
vt 0.544549 0.546788
vt 0.544586 0.547807
vn 0.709247 0.666230 -0.230448
vn 0.603321 0.666231 -0.438339
vn 0.603321 0.666231 -0.438339
vn 0.709247 0.666230 -0.230448
vn 0.438338 0.666230 -0.603321
vn 0.438338 0.666230 -0.603322
vn 0.230448 0.666230 -0.709247
vn 0.230448 0.666230 -0.709247
vn -0.000000 0.666231 -0.745745
vn -0.000000 0.666231 -0.745745
vn -0.230448 0.666231 -0.709246
vn -0.230448 0.666231 -0.709246
vn -0.438338 0.666230 -0.603321
vn -0.438338 0.666230 -0.603321
vn -0.603321 0.666231 -0.438338
vn -0.603321 0.666231 -0.438338
vn -0.709246 0.666230 -0.230448
vn -0.709247 0.666230 -0.230448
vn -0.745746 0.666230 -0.000001
vn -0.745746 0.666230 -0.000001
vn -0.709246 0.666230 0.230448
vn -0.709246 0.666230 0.230448
vn -0.603321 0.666230 0.438339
vn -0.603321 0.666230 0.438339
vn -0.438338 0.666230 0.603322
vn -0.438338 0.666230 0.603322
vn -0.230448 0.666230 0.709247
vn -0.230448 0.666230 0.709247
vn 0.000000 0.666230 0.745746
vn 0.000000 0.666230 0.745746
vn 0.230448 0.666231 0.709246
vn 0.230448 0.666231 0.709246
vn 0.438339 0.666230 0.603321
vn 0.438339 0.666230 0.603321
vn 0.603321 0.666230 0.438338
vn 0.603321 0.666230 0.438338
vn 0.709247 0.666230 0.230448
vn 0.709247 0.666230 0.230448
vn 0.745746 0.666230 0.000001
vn 0.745746 0.666230 0.000001
vn 0.000000 -1.000000 0.000000
vn 0.000000 -1.000000 0.000000
vn 0.000000 -1.000000 0.000000
vn 0.000000 -1.000000 0.000000
vn 0.000000 -1.000000 0.000000
vn 0.000000 -1.000000 0.000000
vn 0.000000 -1.000000 0.000000
vn 0.000000 -1.000000 0.000000
vn 0.000000 -1.000000 0.000000
vn 0.000000 -1.000000 0.000000
vn 0.000000 -1.000000 0.000000
vn 0.000000 -1.000000 0.000000
vn 0.000000 -1.000000 0.000000
vn 0.000000 -1.000000 0.000000
vn 0.000000 -1.000000 0.000000
vn 0.000000 -1.000000 0.000000
vn 0.000000 -1.000000 0.000000
vn 0.000000 -1.000000 0.000000
vn 0.000000 -1.000000 0.000000
vn 0.000000 -1.000000 0.000000
vn 0.000000 -1.000000 0.000000
vn 0.000000 1.000000 0.000000
vn 0.000000 1.000000 0.000000
vn 0.000000 1.000000 0.000000
vn 0.000000 1.000000 0.000000
vn 0.000000 1.000000 0.000000
vn 0.000000 1.000000 -0.000000
vn 0.000000 1.000000 -0.000001
vn 0.000000 1.000000 -0.000000
vn 0.000000 1.000000 0.000001
vn 0.000000 1.000000 0.000001
vn 0.000000 1.000000 0.000000
vn 0.000000 1.000000 0.000000
vn 0.000000 1.000000 0.000000
vn 0.000000 1.000000 0.000001
vn 0.000000 1.000000 0.000001
vn 0.000000 1.000000 -0.000000
vn 0.000000 1.000000 0.000000
vn 0.000000 1.000000 0.000000
vn 0.000000 1.000000 -0.000001
vn 0.000000 1.000000 -0.000001
vn 0.000000 1.000000 0.000000
vn 0.725853 -0.687850 0.000001
vn 0.690327 -0.687850 -0.224300
vn 0.690327 -0.687850 -0.224300
vn 0.725853 -0.687850 0.000001
vn 0.690327 -0.687850 0.224301
vn 0.690327 -0.687850 0.224301
vn 0.587227 -0.687850 0.426646
vn 0.587227 -0.687850 0.426646
vn 0.426645 -0.687850 0.587227
vn 0.426646 -0.687850 0.587227
vn 0.224301 -0.687849 0.690328
vn 0.224301 -0.687849 0.690328
vn 0.000000 -0.687849 0.725854
vn 0.000000 -0.687849 0.725854
vn -0.224301 -0.687850 0.690327
vn -0.224301 -0.687850 0.690327
vn -0.426645 -0.687850 0.587227
vn -0.426645 -0.687850 0.587227
vn -0.587227 -0.687850 0.426646
vn -0.587227 -0.687850 0.426646
vn -0.690327 -0.687850 0.224301
vn -0.690327 -0.687850 0.224301
vn -0.725852 -0.687850 -0.000000
vn -0.725852 -0.687850 -0.000000
vn -0.690327 -0.687850 -0.224301
vn -0.690327 -0.687850 -0.224301
vn -0.587227 -0.687851 -0.426645
vn -0.587227 -0.687850 -0.426645
vn -0.426646 -0.687851 -0.587227
vn -0.426645 -0.687851 -0.587227
vn -0.224301 -0.687850 -0.690327
vn -0.224301 -0.687850 -0.690327
vn -0.000000 -0.687850 -0.725853
vn -0.000000 -0.687850 -0.725853
vn 0.224301 -0.687850 -0.690327
vn 0.224301 -0.687850 -0.690327
vn 0.426645 -0.687850 -0.587227
vn 0.426645 -0.687850 -0.587227
vn 0.587227 -0.687850 -0.426646
vn 0.587227 -0.687850 -0.426646
vn 1.000000 -0.000001 0.000001
vn 0.951057 -0.000001 -0.309016
vn 0.951057 -0.000001 -0.309016
vn 1.000000 -0.000001 0.000001
vn 0.951056 -0.000001 0.309017
vn 0.951056 -0.000001 0.309017
vn 0.809017 -0.000001 0.587785
vn 0.809017 -0.000001 0.587785
vn 0.587785 -0.000001 0.809017
vn 0.587785 -0.000001 0.809017
vn 0.309017 -0.000001 0.951057
vn 0.309017 -0.000001 0.951057
vn 0.000000 -0.000001 1.000000
vn 0.000000 -0.000001 1.000000
vn -0.309017 -0.000001 0.951056
vn -0.309017 -0.000001 0.951057
vn -0.587785 -0.000001 0.809017
vn -0.587785 -0.000001 0.809017
vn -0.809017 -0.000001 0.587785
vn -0.809017 -0.000001 0.587785
vn -0.951056 -0.000001 0.309017
vn -0.951056 -0.000001 0.309017
vn -1.000000 -0.000001 0.000000
vn -1.000000 -0.000001 0.000000
vn -0.951056 -0.000001 -0.309017
vn -0.951056 -0.000001 -0.309017
vn -0.809017 -0.000001 -0.587785
vn -0.809017 -0.000001 -0.587785
vn -0.587786 -0.000001 -0.809017
vn -0.587786 -0.000001 -0.809017
vn -0.309017 -0.000001 -0.951056
vn -0.309017 -0.000001 -0.951056
vn -0.000000 -0.000001 -1.000000
vn -0.000000 -0.000001 -1.000000
vn 0.309017 -0.000001 -0.951057
vn 0.309017 -0.000001 -0.951057
vn 0.587785 -0.000001 -0.809017
vn 0.587785 -0.000001 -0.809017
vn 0.809017 -0.000001 -0.587785
vn 0.809017 -0.000001 -0.587785
vn 0.987689 0.000000 -0.156432
vn 0.987689 0.000000 -0.156432
vn 0.987689 0.000000 -0.156432
vn 0.987689 0.000000 -0.156432
vn 0.987689 0.000000 -0.156432
vn 0.987689 0.000000 -0.156432
vn 0.987689 0.000000 -0.156432
vn 0.987689 0.000000 -0.156432
vn 0.987689 0.000000 -0.156432
vn 0.987689 0.000000 -0.156432
vn 0.987689 0.000000 -0.156432
vn 0.987689 0.000000 -0.156432
vn 0.987689 0.000000 -0.156432
vn 0.987689 0.000000 -0.156432
vn 0.987689 0.000000 -0.156432
vn 0.987689 0.000000 -0.156432
vn 0.987689 0.000000 -0.156432
vn 0.987689 0.000000 -0.156432
vn 0.987689 0.000000 -0.156432
vn 0.987689 0.000000 -0.156432
vn 0.987689 0.000000 -0.156432
vn 0.987689 0.000000 -0.156432
vn 0.987689 0.000000 -0.156432
vn 0.987689 0.000000 -0.156432
vn 0.987689 0.000000 -0.156432
vn 0.987689 0.000000 -0.156432
vn 0.987689 0.000000 -0.156432
vn 0.987689 0.000000 -0.156432
vn 0.987689 0.000000 -0.156432
vn 0.987689 0.000000 -0.156432
vn 0.987689 0.000000 -0.156432
vn 0.987689 0.000000 -0.156432
vn 0.987689 0.000000 -0.156432
vn 0.987689 0.000000 -0.156432
vn 0.987689 0.000000 -0.156432
vn 0.987689 0.000000 -0.156432
vn 0.987689 0.000000 -0.156432
vn 0.987689 0.000000 -0.156432
vn 0.987689 0.000000 -0.156432
vn 0.987689 0.000000 -0.156432
vn 0.987689 0.000000 -0.156432
vn 0.987689 0.000000 -0.156432
vn 0.987688 0.000000 0.156434
vn 0.987688 0.000000 0.156434
vn 0.987688 0.000000 0.156434
vn 0.987688 0.000000 0.156434
vn 0.987688 0.000000 0.156434
vn 0.987688 0.000000 0.156434
vn 0.987688 0.000000 0.156434
vn 0.987688 0.000000 0.156434
vn 0.987688 0.000000 0.156434
vn 0.987688 0.000000 0.156434
vn 0.987688 0.000000 0.156434
vn 0.987688 0.000000 0.156434
vn 0.987688 0.000000 0.156434
vn 0.987688 0.000000 0.156434
vn 0.987688 0.000000 0.156434
vn 0.987688 0.000000 0.156434
vn 0.987688 0.000000 0.156434
vn 0.987688 0.000000 0.156434
vn 0.987688 0.000000 0.156434
vn 0.987688 0.000000 0.156434
vn 0.987688 0.000000 0.156434
vn 0.987688 0.000000 0.156434
vn 0.987688 0.000000 0.156434
vn 0.987688 0.000000 0.156434
vn 0.987688 0.000000 0.156434
vn 0.987688 0.000000 0.156434
vn 0.987688 0.000000 0.156434
vn 0.987688 0.000000 0.156434
vn 0.987688 0.000000 0.156434
vn 0.987688 0.000000 0.156434
vn 0.987688 0.000000 0.156434
vn 0.987688 0.000000 0.156434
vn 0.987688 0.000000 0.156434
vn 0.987688 0.000000 0.156434
vn 0.987688 0.000000 0.156434
vn 0.987688 0.000000 0.156434
vn 0.987688 0.000000 0.156434
vn 0.987688 0.000000 0.156434
vn 0.987688 0.000000 0.156434
vn 0.987688 0.000000 0.156434
vn 0.987688 0.000000 0.156434
vn 0.987688 0.000000 0.156434
vn 0.891007 0.000000 0.453990
vn 0.891007 0.000000 0.453990
vn 0.891007 0.000000 0.453990
vn 0.891007 0.000000 0.453990
vn 0.891007 0.000000 0.453990
vn 0.891007 0.000000 0.453990
vn 0.891007 0.000000 0.453990
vn 0.891007 0.000000 0.453990
vn 0.891007 0.000000 0.453990
vn 0.891007 0.000000 0.453990
vn 0.891007 0.000000 0.453990
vn 0.891007 0.000000 0.453990
vn 0.891007 0.000000 0.453990
vn 0.891007 0.000000 0.453990
vn 0.891007 0.000000 0.453990
vn 0.891007 0.000000 0.453990
vn 0.891007 0.000000 0.453990
vn 0.891007 0.000000 0.453990
vn 0.891007 0.000000 0.453990
vn 0.891007 0.000000 0.453990
vn 0.891007 0.000000 0.453990
vn 0.891007 0.000000 0.453990
vn 0.891007 0.000000 0.453990
vn 0.891007 0.000000 0.453990
vn 0.891007 0.000000 0.453990
vn 0.891007 0.000000 0.453990
vn 0.891007 0.000000 0.453990
vn 0.891007 0.000000 0.453990
vn 0.891007 0.000000 0.453990
vn 0.891007 0.000000 0.453990
vn 0.891007 0.000000 0.453990
vn 0.891007 0.000000 0.453990
vn 0.891007 0.000000 0.453990
vn 0.891007 0.000000 0.453990
vn 0.891007 0.000000 0.453990
vn 0.891007 0.000000 0.453990
vn 0.891007 0.000000 0.453990
vn 0.891007 0.000000 0.453990
vn 0.891007 0.000000 0.453990
vn 0.891007 0.000000 0.453990
vn 0.891007 0.000000 0.453990
vn 0.891007 0.000000 0.453990
vn 0.707107 -0.000000 0.707107
vn 0.707107 -0.000000 0.707107
vn 0.707107 -0.000000 0.707107
vn 0.707107 -0.000000 0.707107
vn 0.707107 -0.000000 0.707107
vn 0.707107 -0.000000 0.707107
vn 0.707107 -0.000000 0.707107
vn 0.707107 -0.000000 0.707107
vn 0.707107 -0.000000 0.707107
vn 0.707107 -0.000000 0.707107
vn 0.707107 -0.000000 0.707107
vn 0.707107 -0.000000 0.707107
vn 0.707107 -0.000000 0.707107
vn 0.707107 -0.000000 0.707107
vn 0.707107 -0.000000 0.707107
vn 0.707107 -0.000000 0.707107
vn 0.707107 -0.000000 0.707107
vn 0.707107 -0.000000 0.707107
vn 0.707107 -0.000000 0.707107
vn 0.707107 -0.000000 0.707107
vn 0.707107 -0.000000 0.707107
vn 0.707107 -0.000000 0.707107
vn 0.707107 -0.000000 0.707107
vn 0.707107 -0.000000 0.707107
vn 0.707107 -0.000000 0.707107
vn 0.707107 -0.000000 0.707107
vn 0.707107 -0.000000 0.707107
vn 0.707107 -0.000000 0.707107
vn 0.707107 -0.000000 0.707107
vn 0.707107 -0.000000 0.707107
vn 0.707107 -0.000000 0.707107
vn 0.707107 -0.000000 0.707107
vn 0.707107 -0.000000 0.707107
vn 0.707107 -0.000000 0.707107
vn 0.707107 -0.000000 0.707107
vn 0.707107 -0.000000 0.707107
vn 0.707107 -0.000000 0.707107
vn 0.707107 -0.000000 0.707107
vn 0.707107 -0.000000 0.707107
vn 0.707107 -0.000000 0.707107
vn 0.707107 -0.000000 0.707107
vn 0.707107 -0.000000 0.707107
vn 0.453990 0.000000 0.891007
vn 0.453990 0.000000 0.891007
vn 0.453990 0.000000 0.891007
vn 0.453990 0.000000 0.891007
vn 0.453990 0.000000 0.891007
vn 0.453990 0.000000 0.891007
vn 0.453990 0.000000 0.891007
vn 0.453990 0.000000 0.891007
vn 0.453990 0.000000 0.891007
vn 0.453990 0.000000 0.891007
vn 0.453990 0.000000 0.891007
vn 0.453990 0.000000 0.891007
vn 0.453990 0.000000 0.891007
vn 0.453990 0.000000 0.891007
vn 0.453990 0.000000 0.891007
vn 0.453990 0.000000 0.891007
vn 0.453990 0.000000 0.891007
vn 0.453990 0.000000 0.891007
vn 0.453990 0.000000 0.891007
vn 0.453990 0.000000 0.891007
vn 0.453990 0.000000 0.891007
vn 0.453990 0.000000 0.891007
vn 0.453990 0.000000 0.891007
vn 0.453990 0.000000 0.891007
vn 0.453990 0.000000 0.891007
vn 0.453990 0.000000 0.891007
vn 0.453990 0.000000 0.891007
vn 0.453990 0.000000 0.891007
vn 0.453990 0.000000 0.891007
vn 0.453990 0.000000 0.891007
vn 0.453990 0.000000 0.891007
vn 0.453990 0.000000 0.891007
vn 0.453990 0.000000 0.891007
vn 0.453990 0.000000 0.891007
vn 0.453990 0.000000 0.891007
vn 0.453990 0.000000 0.891007
vn 0.453990 0.000000 0.891007
vn 0.453990 0.000000 0.891007
vn 0.453990 0.000000 0.891007
vn 0.453990 0.000000 0.891007
vn 0.453990 0.000000 0.891007
vn 0.453990 0.000000 0.891007
vn 0.156435 0.000000 0.987688
vn 0.156435 0.000000 0.987688
vn 0.156435 0.000000 0.987688
vn 0.156435 0.000000 0.987688
vn 0.156435 0.000000 0.987688
vn 0.156435 0.000000 0.987688
vn 0.156435 0.000000 0.987688
vn 0.156435 0.000000 0.987688
vn 0.156435 0.000000 0.987688
vn 0.156435 0.000000 0.987688
vn 0.156435 0.000000 0.987688
vn 0.156435 0.000000 0.987688
vn 0.156435 0.000000 0.987688
vn 0.156435 0.000000 0.987688
vn 0.156435 0.000000 0.987688
vn 0.156435 0.000000 0.987688
vn 0.156435 0.000000 0.987688
vn 0.156435 0.000000 0.987688
vn 0.156435 0.000000 0.987688
vn 0.156435 0.000000 0.987688
vn 0.156435 0.000000 0.987688
vn 0.156435 0.000000 0.987688
vn 0.156435 0.000000 0.987688
vn 0.156435 0.000000 0.987688
vn 0.156435 0.000000 0.987688
vn 0.156435 0.000000 0.987688
vn 0.156435 0.000000 0.987688
vn 0.156435 0.000000 0.987688
vn 0.156435 0.000000 0.987688
vn 0.156435 0.000000 0.987688
vn 0.156435 0.000000 0.987688
vn 0.156435 0.000000 0.987688
vn 0.156435 0.000000 0.987688
vn 0.156435 0.000000 0.987688
vn 0.156435 0.000000 0.987688
vn 0.156435 0.000000 0.987688
vn 0.156435 0.000000 0.987688
vn 0.156435 0.000000 0.987688
vn 0.156435 0.000000 0.987688
vn 0.156435 0.000000 0.987688
vn 0.156435 0.000000 0.987688
vn 0.156435 0.000000 0.987688
vn -0.156434 0.000000 0.987688
vn -0.156434 0.000000 0.987688
vn -0.156434 0.000000 0.987688
vn -0.156434 0.000000 0.987688
vn -0.156434 0.000000 0.987688
vn -0.156434 0.000000 0.987688
vn -0.156434 0.000000 0.987688
vn -0.156434 0.000000 0.987688
vn -0.156434 0.000000 0.987688
vn -0.156434 0.000000 0.987688
vn -0.156434 0.000000 0.987688
vn -0.156434 0.000000 0.987688
vn -0.156434 0.000000 0.987688
vn -0.156434 0.000000 0.987688
vn -0.156434 0.000000 0.987688
vn -0.156434 0.000000 0.987688
vn -0.156434 0.000000 0.987688
vn -0.156434 0.000000 0.987688
vn -0.156434 0.000000 0.987688
vn -0.156434 0.000000 0.987688
vn -0.156434 0.000000 0.987688
vn -0.156434 0.000000 0.987688
vn -0.156434 0.000000 0.987688
vn -0.156434 0.000000 0.987688
vn -0.156434 0.000000 0.987688
vn -0.156434 0.000000 0.987688
vn -0.156434 0.000000 0.987688
vn -0.156434 0.000000 0.987688
vn -0.156434 0.000000 0.987688
vn -0.156434 0.000000 0.987688
vn -0.156434 0.000000 0.987688
vn -0.156434 0.000000 0.987688
vn -0.156434 0.000000 0.987688
vn -0.156434 0.000000 0.987688
vn -0.156434 0.000000 0.987688
vn -0.156434 0.000000 0.987688
vn -0.156434 0.000000 0.987688
vn -0.156434 0.000000 0.987688
vn -0.156434 0.000000 0.987688
vn -0.156434 0.000000 0.987688
vn -0.156434 0.000000 0.987688
vn -0.156434 0.000000 0.987688
vn -0.453990 0.000000 0.891007
vn -0.453990 0.000000 0.891007
vn -0.453990 0.000000 0.891007
vn -0.453990 0.000000 0.891007
vn -0.453990 0.000000 0.891007
vn -0.453990 0.000000 0.891007
vn -0.453990 0.000000 0.891007
vn -0.453990 0.000000 0.891007
vn -0.453990 0.000000 0.891007
vn -0.453990 0.000000 0.891007
vn -0.453990 0.000000 0.891007
vn -0.453990 0.000000 0.891007
vn -0.453990 0.000000 0.891007
vn -0.453990 0.000000 0.891007
vn -0.453990 0.000000 0.891007
vn -0.453990 0.000000 0.891007
vn -0.453990 0.000000 0.891007
vn -0.453990 0.000000 0.891007
vn -0.453990 0.000000 0.891007
vn -0.453990 0.000000 0.891007
vn -0.453990 0.000000 0.891007
vn -0.453990 0.000000 0.891007
vn -0.453990 0.000000 0.891007
vn -0.453990 0.000000 0.891007
vn -0.453990 0.000000 0.891007
vn -0.453990 0.000000 0.891007
vn -0.453990 0.000000 0.891007
vn -0.453990 0.000000 0.891007
vn -0.453990 0.000000 0.891007
vn -0.453990 0.000000 0.891007
vn -0.453990 0.000000 0.891007
vn -0.453990 0.000000 0.891007
vn -0.453990 0.000000 0.891007
vn -0.453990 0.000000 0.891007
vn -0.453990 0.000000 0.891007
vn -0.453990 0.000000 0.891007
vn -0.453990 0.000000 0.891007
vn -0.453990 0.000000 0.891007
vn -0.453990 0.000000 0.891007
vn -0.453990 0.000000 0.891007
vn -0.453990 0.000000 0.891007
vn -0.453990 0.000000 0.891007
vn -0.707107 -0.000000 0.707106
vn -0.707107 -0.000000 0.707106
vn -0.707107 -0.000000 0.707106
vn -0.707107 -0.000000 0.707106
vn -0.707107 -0.000000 0.707106
vn -0.707107 -0.000000 0.707106
vn -0.707107 -0.000000 0.707106
vn -0.707107 -0.000000 0.707106
vn -0.707107 -0.000000 0.707106
vn -0.707107 -0.000000 0.707106
vn -0.707107 -0.000000 0.707106
vn -0.707107 -0.000000 0.707106
vn -0.707107 -0.000000 0.707106
vn -0.707107 -0.000000 0.707106
vn -0.707107 -0.000000 0.707106
vn -0.707107 -0.000000 0.707106
vn -0.707107 -0.000000 0.707106
vn -0.707107 -0.000000 0.707106
vn -0.707107 -0.000000 0.707106
vn -0.707107 -0.000000 0.707106
vn -0.707107 -0.000000 0.707106
vn -0.707107 -0.000000 0.707106
vn -0.707107 -0.000000 0.707106
vn -0.707107 -0.000000 0.707106
vn -0.707107 -0.000000 0.707106
vn -0.707107 -0.000000 0.707106
vn -0.707107 -0.000000 0.707106
vn -0.707107 -0.000000 0.707106
vn -0.707107 -0.000000 0.707106
vn -0.707107 -0.000000 0.707106
vn -0.707107 -0.000000 0.707106
vn -0.707107 -0.000000 0.707106
vn -0.707107 -0.000000 0.707106
vn -0.707107 -0.000000 0.707106
vn -0.707107 -0.000000 0.707106
vn -0.707107 -0.000000 0.707106
vn -0.707107 -0.000000 0.707106
vn -0.707107 -0.000000 0.707106
vn -0.707107 -0.000000 0.707106
vn -0.707107 -0.000000 0.707106
vn -0.707107 -0.000000 0.707106
vn -0.707107 -0.000000 0.707106
vn -0.891006 -0.000000 0.453991
vn -0.891006 -0.000000 0.453991
vn -0.891006 -0.000000 0.453991
vn -0.891006 -0.000000 0.453991
vn -0.891006 -0.000000 0.453991
vn -0.891006 -0.000000 0.453991
vn -0.891006 -0.000000 0.453991
vn -0.891006 -0.000000 0.453991
vn -0.891006 -0.000000 0.453991
vn -0.891006 -0.000000 0.453991
vn -0.891006 -0.000000 0.453991
vn -0.891006 -0.000000 0.453991
vn -0.891006 -0.000000 0.453991
vn -0.891006 -0.000000 0.453991
vn -0.891006 -0.000000 0.453991
vn -0.891006 -0.000000 0.453991
vn -0.891006 -0.000000 0.453991
vn -0.891006 -0.000000 0.453991
vn -0.891006 -0.000000 0.453991
vn -0.891006 -0.000000 0.453991
vn -0.891006 -0.000000 0.453991
vn -0.891006 -0.000000 0.453991
vn -0.891006 -0.000000 0.453991
vn -0.891006 -0.000000 0.453991
vn -0.891006 -0.000000 0.453991
vn -0.891006 -0.000000 0.453991
vn -0.891006 -0.000000 0.453991
vn -0.891006 -0.000000 0.453991
vn -0.891006 -0.000000 0.453991
vn -0.891006 -0.000000 0.453991
vn -0.891006 -0.000000 0.453991
vn -0.891006 -0.000000 0.453991
vn -0.891006 -0.000000 0.453991
vn -0.891006 -0.000000 0.453991
vn -0.891006 -0.000000 0.453991
vn -0.891006 -0.000000 0.453991
vn -0.891006 -0.000000 0.453991
vn -0.891006 -0.000000 0.453991
vn -0.891006 -0.000000 0.453991
vn -0.891006 -0.000000 0.453991
vn -0.891006 -0.000000 0.453991
vn -0.891006 -0.000000 0.453991
vn -0.987688 0.000000 0.156434
vn -0.987688 0.000000 0.156434
vn -0.987688 0.000000 0.156434
vn -0.987688 0.000000 0.156434
vn -0.987688 0.000000 0.156434
vn -0.987688 0.000000 0.156434
vn -0.987688 0.000000 0.156434
vn -0.987688 0.000000 0.156434
vn -0.987688 0.000000 0.156434
vn -0.987688 0.000000 0.156434
vn -0.987688 0.000000 0.156434
vn -0.987688 0.000000 0.156434
vn -0.987688 0.000000 0.156434
vn -0.987688 0.000000 0.156434
vn -0.987688 0.000000 0.156434
vn -0.987688 0.000000 0.156434
vn -0.987688 0.000000 0.156434
vn -0.987688 0.000000 0.156434
vn -0.987688 0.000000 0.156434
vn -0.987688 0.000000 0.156434
vn -0.987688 0.000000 0.156434
vn -0.987688 0.000000 0.156434
vn -0.987688 0.000000 0.156434
vn -0.987688 0.000000 0.156434
vn -0.987688 0.000000 0.156434
vn -0.987688 0.000000 0.156434
vn -0.987688 0.000000 0.156434
vn -0.987688 0.000000 0.156434
vn -0.987688 0.000000 0.156434
vn -0.987688 0.000000 0.156434
vn -0.987688 0.000000 0.156434
vn -0.987688 0.000000 0.156434
vn -0.987688 0.000000 0.156434
vn -0.987688 0.000000 0.156434
vn -0.987688 0.000000 0.156434
vn -0.987688 0.000000 0.156434
vn -0.987688 0.000000 0.156434
vn -0.987688 0.000000 0.156434
vn -0.987688 0.000000 0.156434
vn -0.987688 0.000000 0.156434
vn -0.987688 0.000000 0.156434
vn -0.987688 0.000000 0.156434
vn -0.987688 0.000000 -0.156434
vn -0.987688 0.000000 -0.156434
vn -0.987688 0.000000 -0.156434
vn -0.987688 0.000000 -0.156434
vn -0.987688 0.000000 -0.156434
vn -0.987688 0.000000 -0.156434
vn -0.987688 0.000000 -0.156434
vn -0.987688 0.000000 -0.156434
vn -0.987688 0.000000 -0.156434
vn -0.987688 0.000000 -0.156434
vn -0.987688 0.000000 -0.156434
vn -0.987688 0.000000 -0.156434
vn -0.987688 0.000000 -0.156434
vn -0.987688 0.000000 -0.156434
vn -0.987688 0.000000 -0.156434
vn -0.987688 0.000000 -0.156434
vn -0.987688 0.000000 -0.156434
vn -0.987688 0.000000 -0.156434
vn -0.987688 0.000000 -0.156434
vn -0.987688 0.000000 -0.156434
vn -0.987688 0.000000 -0.156434
vn -0.987688 0.000000 -0.156434
vn -0.987688 0.000000 -0.156434
vn -0.987688 0.000000 -0.156434
vn -0.987688 0.000000 -0.156434
vn -0.987688 0.000000 -0.156434
vn -0.987688 0.000000 -0.156434
vn -0.987688 0.000000 -0.156434
vn -0.987688 0.000000 -0.156434
vn -0.987688 0.000000 -0.156434
vn -0.987688 0.000000 -0.156434
vn -0.987688 0.000000 -0.156434
vn -0.987688 0.000000 -0.156434
vn -0.987688 0.000000 -0.156434
vn -0.987688 0.000000 -0.156434
vn -0.987688 0.000000 -0.156434
vn -0.987688 0.000000 -0.156434
vn -0.987688 0.000000 -0.156434
vn -0.987688 0.000000 -0.156434
vn -0.987688 0.000000 -0.156434
vn -0.987688 0.000000 -0.156434
vn -0.987688 0.000000 -0.156434
vn -0.891006 0.000000 -0.453992
vn -0.891006 0.000000 -0.453991
vn -0.891006 0.000000 -0.453991
vn -0.891006 0.000000 -0.453991
vn -0.891006 0.000000 -0.453991
vn -0.891006 0.000000 -0.453992
vn -0.891006 0.000000 -0.453991
vn -0.891006 0.000000 -0.453991
vn -0.891006 0.000000 -0.453991
vn -0.891006 0.000000 -0.453991
vn -0.891006 0.000000 -0.453992
vn -0.891006 0.000000 -0.453991
vn -0.891006 0.000000 -0.453991
vn -0.891006 0.000000 -0.453991
vn -0.891006 0.000000 -0.453991
vn -0.891006 0.000000 -0.453991
vn -0.891006 0.000000 -0.453991
vn -0.891006 0.000000 -0.453991
vn -0.891006 0.000000 -0.453991
vn -0.891006 0.000000 -0.453991
vn -0.891006 0.000000 -0.453991
vn -0.891006 0.000000 -0.453991
vn -0.891006 0.000000 -0.453991
vn -0.891006 0.000000 -0.453991
vn -0.891006 0.000000 -0.453991
vn -0.891006 0.000000 -0.453991
vn -0.891006 0.000000 -0.453991
vn -0.891006 0.000000 -0.453991
vn -0.891006 0.000000 -0.453991
vn -0.891006 0.000000 -0.453991
vn -0.891006 0.000000 -0.453991
vn -0.891006 0.000000 -0.453991
vn -0.891006 0.000000 -0.453991
vn -0.891006 0.000000 -0.453991
vn -0.891006 0.000000 -0.453991
vn -0.891006 0.000000 -0.453992
vn -0.891006 0.000000 -0.453991
vn -0.891006 0.000000 -0.453991
vn -0.891006 0.000000 -0.453991
vn -0.891006 0.000000 -0.453991
vn -0.891006 0.000000 -0.453991
vn -0.891006 0.000000 -0.453991
vn -0.707107 0.000000 -0.707106
vn -0.707107 0.000000 -0.707107
vn -0.707107 0.000000 -0.707107
vn -0.707107 0.000000 -0.707106
vn -0.707107 0.000000 -0.707107
vn -0.707107 0.000000 -0.707107
vn -0.707107 0.000000 -0.707106
vn -0.707107 0.000000 -0.707106
vn -0.707107 0.000000 -0.707106
vn -0.707107 0.000000 -0.707107
vn -0.707107 0.000000 -0.707107
vn -0.707107 0.000000 -0.707107
vn -0.707107 0.000000 -0.707107
vn -0.707107 0.000000 -0.707107
vn -0.707107 0.000000 -0.707107
vn -0.707107 0.000000 -0.707106
vn -0.707107 0.000000 -0.707106
vn -0.707107 0.000000 -0.707106
vn -0.707107 0.000000 -0.707107
vn -0.707107 0.000000 -0.707107
vn -0.707107 0.000000 -0.707107
vn -0.707107 0.000000 -0.707106
vn -0.707107 0.000000 -0.707107
vn -0.707107 0.000000 -0.707107
vn -0.707107 0.000000 -0.707107
vn -0.707107 0.000000 -0.707107
vn -0.707107 0.000000 -0.707107
vn -0.707107 0.000000 -0.707107
vn -0.707107 0.000000 -0.707107
vn -0.707107 0.000000 -0.707107
vn -0.707107 0.000000 -0.707107
vn -0.707107 0.000000 -0.707107
vn -0.707107 0.000000 -0.707107
vn -0.707107 0.000000 -0.707107
vn -0.707107 0.000000 -0.707106
vn -0.707107 0.000000 -0.707107
vn -0.707107 0.000000 -0.707107
vn -0.707107 0.000000 -0.707107
vn -0.707107 0.000000 -0.707107
vn -0.707107 0.000000 -0.707107
vn -0.707107 0.000000 -0.707107
vn -0.707107 0.000000 -0.707107
vn -0.453992 -0.000000 -0.891006
vn -0.453992 -0.000000 -0.891006
vn -0.453992 -0.000000 -0.891006
vn -0.453992 -0.000000 -0.891006
vn -0.453992 -0.000000 -0.891006
vn -0.453992 -0.000000 -0.891006
vn -0.453992 -0.000000 -0.891006
vn -0.453992 -0.000000 -0.891006
vn -0.453992 -0.000000 -0.891006
vn -0.453992 -0.000000 -0.891006
vn -0.453992 -0.000000 -0.891006
vn -0.453992 -0.000000 -0.891006
vn -0.453992 -0.000000 -0.891006
vn -0.453992 -0.000000 -0.891006
vn -0.453992 -0.000000 -0.891006
vn -0.453992 -0.000000 -0.891006
vn -0.453992 -0.000000 -0.891006
vn -0.453992 -0.000000 -0.891006
vn -0.453992 -0.000000 -0.891006
vn -0.453992 -0.000000 -0.891006
vn -0.453992 -0.000000 -0.891006
vn -0.453992 -0.000000 -0.891006
vn -0.453992 -0.000000 -0.891006
vn -0.453992 -0.000000 -0.891006
vn -0.453992 -0.000000 -0.891006
vn -0.453992 -0.000000 -0.891006
vn -0.453992 -0.000000 -0.891006
vn -0.453992 -0.000000 -0.891006
vn -0.453992 -0.000000 -0.891006
vn -0.453992 -0.000000 -0.891006
vn -0.453992 -0.000000 -0.891006
vn -0.453992 -0.000000 -0.891006
vn -0.453992 -0.000000 -0.891006
vn -0.453992 -0.000000 -0.891006
vn -0.453992 -0.000000 -0.891006
vn -0.453992 -0.000000 -0.891006
vn -0.453992 -0.000000 -0.891006
vn -0.453992 -0.000000 -0.891006
vn -0.453992 -0.000000 -0.891006
vn -0.453992 -0.000000 -0.891006
vn -0.453992 -0.000000 -0.891006
vn -0.453992 -0.000000 -0.891006
vn -0.156434 0.000000 -0.987688
vn -0.156434 0.000000 -0.987688
vn -0.156434 0.000000 -0.987688
vn -0.156434 0.000000 -0.987688
vn -0.156434 0.000000 -0.987688
vn -0.156434 0.000000 -0.987688
vn -0.156434 0.000000 -0.987688
vn -0.156434 0.000000 -0.987688
vn -0.156434 0.000000 -0.987688
vn -0.156434 0.000000 -0.987688
vn -0.156434 0.000000 -0.987688
vn -0.156434 0.000000 -0.987688
vn -0.156434 0.000000 -0.987688
vn -0.156434 0.000000 -0.987688
vn -0.156434 0.000000 -0.987688
vn -0.156434 0.000000 -0.987688
vn -0.156434 0.000000 -0.987688
vn -0.156434 0.000000 -0.987688
vn -0.156434 0.000000 -0.987688
vn -0.156434 0.000000 -0.987688
vn -0.156434 0.000000 -0.987688
vn -0.156434 0.000000 -0.987688
vn -0.156434 0.000000 -0.987688
vn -0.156434 0.000000 -0.987688
vn -0.156434 0.000000 -0.987688
vn -0.156434 0.000000 -0.987688
vn -0.156434 0.000000 -0.987688
vn -0.156434 0.000000 -0.987688
vn -0.156434 0.000000 -0.987688
vn -0.156434 0.000000 -0.987688
vn -0.156434 0.000000 -0.987688
vn -0.156434 0.000000 -0.987688
vn -0.156434 0.000000 -0.987688
vn -0.156434 0.000000 -0.987688
vn -0.156434 0.000000 -0.987688
vn -0.156434 0.000000 -0.987688
vn -0.156434 0.000000 -0.987688
vn -0.156434 0.000000 -0.987688
vn -0.156434 0.000000 -0.987688
vn -0.156434 0.000000 -0.987688
vn -0.156434 0.000000 -0.987688
vn -0.156434 0.000000 -0.987688
vn 0.156435 -0.000000 -0.987688
vn 0.156435 -0.000000 -0.987688
vn 0.156435 -0.000000 -0.987688
vn 0.156435 -0.000000 -0.987688
vn 0.156435 -0.000000 -0.987688
vn 0.156435 -0.000000 -0.987688
vn 0.156435 -0.000000 -0.987688
vn 0.156435 -0.000000 -0.987688
vn 0.156435 -0.000000 -0.987688
vn 0.156435 -0.000000 -0.987688
vn 0.156435 -0.000000 -0.987688
vn 0.156435 -0.000000 -0.987688
vn 0.156435 -0.000000 -0.987688
vn 0.156435 -0.000000 -0.987688
vn 0.156435 -0.000000 -0.987688
vn 0.156435 -0.000000 -0.987688
vn 0.156435 -0.000000 -0.987688
vn 0.156435 -0.000000 -0.987688
vn 0.156435 -0.000000 -0.987688
vn 0.156435 -0.000000 -0.987688
vn 0.156435 -0.000000 -0.987688
vn 0.156435 -0.000000 -0.987688
vn 0.156435 -0.000000 -0.987688
vn 0.156435 -0.000000 -0.987688
vn 0.156435 -0.000000 -0.987688
vn 0.156435 -0.000000 -0.987688
vn 0.156435 -0.000000 -0.987688
vn 0.156435 -0.000000 -0.987688
vn 0.156435 -0.000000 -0.987688
vn 0.156435 -0.000000 -0.987688
vn 0.156435 -0.000000 -0.987688
vn 0.156435 -0.000000 -0.987688
vn 0.156435 -0.000000 -0.987688
vn 0.156435 -0.000000 -0.987688
vn 0.156435 -0.000000 -0.987688
vn 0.156435 -0.000000 -0.987688
vn 0.156435 -0.000000 -0.987688
vn 0.156435 -0.000000 -0.987688
vn 0.156435 -0.000000 -0.987688
vn 0.156435 -0.000000 -0.987688
vn 0.156435 -0.000000 -0.987688
vn 0.156435 -0.000000 -0.987688
vn 0.453990 -0.000000 -0.891007
vn 0.453990 -0.000000 -0.891007
vn 0.453990 -0.000000 -0.891007
vn 0.453990 -0.000000 -0.891007
vn 0.453990 -0.000000 -0.891007
vn 0.453990 -0.000000 -0.891007
vn 0.453990 -0.000000 -0.891007
vn 0.453990 -0.000000 -0.891007
vn 0.453990 -0.000000 -0.891007
vn 0.453990 -0.000000 -0.891007
vn 0.453990 -0.000000 -0.891007
vn 0.453990 -0.000000 -0.891007
vn 0.453990 -0.000000 -0.891007
vn 0.453990 -0.000000 -0.891007
vn 0.453990 -0.000000 -0.891007
vn 0.453990 -0.000000 -0.891007
vn 0.453990 -0.000000 -0.891007
vn 0.453990 -0.000000 -0.891007
vn 0.453990 -0.000000 -0.891007
vn 0.453990 -0.000000 -0.891007
vn 0.453990 -0.000000 -0.891007
vn 0.453990 -0.000000 -0.891007
vn 0.453990 -0.000000 -0.891007
vn 0.453990 -0.000000 -0.891007
vn 0.453990 -0.000000 -0.891007
vn 0.453990 -0.000000 -0.891007
vn 0.453990 -0.000000 -0.891007
vn 0.453990 -0.000000 -0.891007
vn 0.453990 -0.000000 -0.891007
vn 0.453990 -0.000000 -0.891007
vn 0.453990 -0.000000 -0.891007
vn 0.453990 -0.000000 -0.891007
vn 0.453990 -0.000000 -0.891007
vn 0.453990 -0.000000 -0.891007
vn 0.453990 -0.000000 -0.891007
vn 0.453990 -0.000000 -0.891007
vn 0.453990 -0.000000 -0.891007
vn 0.453990 -0.000000 -0.891007
vn 0.453990 -0.000000 -0.891007
vn 0.453990 -0.000000 -0.891007
vn 0.453990 -0.000000 -0.891007
vn 0.453990 -0.000000 -0.891007
vn 0.707107 -0.000000 -0.707107
vn 0.707107 -0.000000 -0.707107
vn 0.707107 -0.000000 -0.707107
vn 0.707107 -0.000000 -0.707107
vn 0.707107 -0.000000 -0.707107
vn 0.707107 -0.000000 -0.707107
vn 0.707107 -0.000000 -0.707107
vn 0.707107 -0.000000 -0.707107
vn 0.707107 -0.000000 -0.707107
vn 0.707107 -0.000000 -0.707107
vn 0.707107 -0.000000 -0.707107
vn 0.707107 -0.000000 -0.707107
vn 0.707107 -0.000000 -0.707107
vn 0.707107 -0.000000 -0.707107
vn 0.707107 -0.000000 -0.707107
vn 0.707107 -0.000000 -0.707107
vn 0.707107 -0.000000 -0.707107
vn 0.707107 -0.000000 -0.707107
vn 0.707107 -0.000000 -0.707107
vn 0.707107 -0.000000 -0.707107
vn 0.707107 -0.000000 -0.707107
vn 0.707107 -0.000000 -0.707107
vn 0.707107 -0.000000 -0.707107
vn 0.707107 -0.000000 -0.707107
vn 0.707107 -0.000000 -0.707107
vn 0.707107 -0.000000 -0.707107
vn 0.707107 -0.000000 -0.707107
vn 0.707107 -0.000000 -0.707107
vn 0.707107 -0.000000 -0.707107
vn 0.707107 -0.000000 -0.707107
vn 0.707107 -0.000000 -0.707107
vn 0.707107 -0.000000 -0.707107
vn 0.707107 -0.000000 -0.707107
vn 0.707107 -0.000000 -0.707107
vn 0.707107 -0.000000 -0.707107
vn 0.707107 -0.000000 -0.707107
vn 0.707107 -0.000000 -0.707107
vn 0.707107 -0.000000 -0.707107
vn 0.707107 -0.000000 -0.707107
vn 0.707107 -0.000000 -0.707107
vn 0.707107 -0.000000 -0.707107
vn 0.707107 -0.000000 -0.707107
vn 0.891006 0.000000 -0.453991
vn 0.891006 0.000000 -0.453991
vn 0.891006 0.000000 -0.453991
vn 0.891006 0.000000 -0.453991
vn 0.891006 0.000000 -0.453991
vn 0.891006 0.000000 -0.453991
vn 0.891006 0.000000 -0.453991
vn 0.891006 0.000000 -0.453991
vn 0.891006 0.000000 -0.453991
vn 0.891006 0.000000 -0.453991
vn 0.891006 0.000000 -0.453991
vn 0.891006 0.000000 -0.453991
vn 0.891006 0.000000 -0.453991
vn 0.891006 0.000000 -0.453991
vn 0.891006 0.000000 -0.453991
vn 0.891006 0.000000 -0.453991
vn 0.891006 0.000000 -0.453991
vn 0.891006 0.000000 -0.453991
vn 0.891006 0.000000 -0.453991
vn 0.891006 0.000000 -0.453991
vn 0.891006 0.000000 -0.453991
vn 0.891006 0.000000 -0.453991
vn 0.891006 0.000000 -0.453991
vn 0.891006 0.000000 -0.453991
vn 0.891006 0.000000 -0.453991
vn 0.891006 0.000000 -0.453991
vn 0.891006 0.000000 -0.453991
vn 0.891006 0.000000 -0.453991
vn 0.891006 0.000000 -0.453991
vn 0.891006 0.000000 -0.453991
vn 0.891006 0.000000 -0.453991
vn 0.891006 0.000000 -0.453991
vn 0.891006 0.000000 -0.453991
vn 0.891006 0.000000 -0.453991
vn 0.891006 0.000000 -0.453991
vn 0.891006 0.000000 -0.453991
vn 0.891006 0.000000 -0.453991
vn 0.891006 0.000000 -0.453991
vn 0.891006 0.000000 -0.453991
vn 0.891006 0.000000 -0.453991
vn 0.891006 0.000000 -0.453991
vn 0.891006 0.000000 -0.453991
vn 0.668322 -0.711472 -0.217150
vn 0.668322 -0.711472 -0.217150
vn 0.568507 -0.711474 -0.413044
vn 0.568507 -0.711474 -0.413044
vn 0.702717 -0.711470 0.000000
vn 0.702717 -0.711470 0.000000
vn 0.668323 -0.711470 0.217152
vn 0.668323 -0.711470 0.217152
vn 0.668319 0.711475 -0.217148
vn 0.668319 0.711475 -0.217148
vn 0.568506 0.711474 -0.413045
vn 0.568505 0.711474 -0.413045
vn 0.702712 0.711474 0.000001
vn 0.702712 0.711474 0.000001
vn 0.668319 0.711474 0.217152
vn 0.668319 0.711474 0.217152
vn 0.568508 -0.711471 0.413047
vn 0.568508 -0.711471 0.413047
vn 0.568505 0.711474 0.413045
vn 0.568505 0.711474 0.413045
vn 0.413044 -0.711473 0.568508
vn 0.413044 -0.711473 0.568508
vn 0.413045 0.711476 0.568503
vn 0.413045 0.711476 0.568503
vn 0.217150 -0.711472 0.668322
vn 0.217150 -0.711472 0.668322
vn 0.217150 0.711475 0.668318
vn 0.217150 0.711475 0.668318
vn -0.000001 -0.711469 0.702717
vn -0.000001 -0.711469 0.702717
vn 0.000000 0.711472 0.702714
vn 0.000000 0.711472 0.702714
vn -0.217151 -0.711472 0.668321
vn -0.217151 -0.711472 0.668321
vn -0.217150 0.711473 0.668320
vn -0.217150 0.711473 0.668320
vn -0.413046 -0.711475 0.568503
vn -0.413046 -0.711475 0.568503
vn -0.413044 0.711475 0.568506
vn -0.413044 0.711475 0.568506
vn -0.568507 -0.711473 0.413044
vn -0.568507 -0.711473 0.413044
vn -0.568506 0.711475 0.413043
vn -0.568506 0.711475 0.413043
vn -0.668321 -0.711472 0.217152
vn -0.668321 -0.711472 0.217152
vn -0.668318 0.711475 0.217150
vn -0.668318 0.711475 0.217150
vn -0.702716 -0.711470 0.000000
vn -0.702716 -0.711470 0.000000
vn -0.702711 0.711475 0.000000
vn -0.702711 0.711475 0.000000
vn -0.668321 -0.711472 -0.217150
vn -0.668321 -0.711472 -0.217150
vn -0.668319 0.711475 -0.217150
vn -0.668319 0.711475 -0.217150
vn -0.568507 -0.711472 -0.413046
vn -0.568507 -0.711472 -0.413046
vn -0.568506 0.711473 -0.413047
vn -0.568506 0.711473 -0.413047
vn -0.413045 -0.711472 -0.568508
vn -0.413045 -0.711472 -0.568508
vn -0.413043 0.711473 -0.568508
vn -0.413043 0.711473 -0.568508
vn -0.217151 -0.711470 -0.668323
vn -0.217151 -0.711470 -0.668324
vn -0.217150 0.711475 -0.668318
vn -0.217150 0.711475 -0.668318
vn -0.000001 -0.711469 -0.702717
vn -0.000001 -0.711469 -0.702717
vn -0.000000 0.711472 -0.702714
vn -0.000000 0.711472 -0.702714
vn 0.217150 -0.711472 -0.668321
vn 0.217150 -0.711472 -0.668321
vn 0.217149 0.711472 -0.668322
vn 0.217149 0.711472 -0.668322
vn 0.413044 -0.711474 -0.568506
vn 0.413044 -0.711474 -0.568506
vn 0.413043 0.711473 -0.568508
vn 0.413043 0.711473 -0.568508
vn 0.668353 -0.711439 -0.217161
vn 0.668353 -0.711439 -0.217161
vn 0.568534 -0.711439 -0.413065
vn 0.568534 -0.711439 -0.413065
vn 0.702748 -0.711439 0.000001
vn 0.702748 -0.711439 0.000001
vn 0.668353 -0.711439 0.217162
vn 0.668353 -0.711439 0.217162
vn 0.668353 0.711439 -0.217160
vn 0.668353 0.711439 -0.217160
vn 0.568535 0.711439 -0.413065
vn 0.568534 0.711439 -0.413065
vn 0.702748 0.711439 0.000001
vn 0.702748 0.711439 0.000001
vn 0.668353 0.711439 0.217161
vn 0.668353 0.711439 0.217161
vn 0.568535 -0.711439 0.413066
vn 0.568535 -0.711439 0.413066
vn 0.568536 0.711440 0.413063
vn 0.568536 0.711440 0.413063
vn 0.413065 -0.711440 0.568534
vn 0.413065 -0.711440 0.568534
vn 0.413066 0.711440 0.568532
vn 0.413066 0.711440 0.568532
vn 0.217161 -0.711440 0.668352
vn 0.217161 -0.711440 0.668352
vn 0.217161 0.711440 0.668352
vn 0.217161 0.711440 0.668352
vn 0.000000 -0.711439 0.702748
vn 0.000000 -0.711439 0.702748
vn -0.000000 0.711439 0.702748
vn -0.000000 0.711439 0.702748
vn -0.217161 -0.711440 0.668352
vn -0.217161 -0.711440 0.668352
vn -0.217161 0.711438 0.668354
vn -0.217161 0.711438 0.668354
vn -0.413065 -0.711440 0.568534
vn -0.413065 -0.711440 0.568534
vn -0.413064 0.711438 0.568536
vn -0.413064 0.711438 0.568536
vn -0.568535 -0.711439 0.413065
vn -0.568535 -0.711439 0.413065
vn -0.568535 0.711439 0.413065
vn -0.568535 0.711439 0.413065
vn -0.668353 -0.711439 0.217162
vn -0.668353 -0.711439 0.217162
vn -0.668353 0.711439 0.217162
vn -0.668353 0.711439 0.217162
vn -0.702748 -0.711439 0.000000
vn -0.702748 -0.711439 0.000000
vn -0.702748 0.711439 -0.000000
vn -0.702748 0.711439 -0.000000
vn -0.668353 -0.711439 -0.217162
vn -0.668353 -0.711439 -0.217162
vn -0.668353 0.711439 -0.217162
vn -0.668353 0.711439 -0.217162
vn -0.568535 -0.711438 -0.413067
vn -0.568535 -0.711438 -0.413067
vn -0.568535 0.711438 -0.413067
vn -0.568535 0.711438 -0.413067
vn -0.413066 -0.711438 -0.568535
vn -0.413065 -0.711438 -0.568535
vn -0.413065 0.711437 -0.568538
vn -0.413065 0.711437 -0.568538
vn -0.217161 -0.711440 -0.668352
vn -0.217161 -0.711440 -0.668352
vn -0.217161 0.711438 -0.668354
vn -0.217161 0.711438 -0.668354
vn 0.000000 -0.711439 -0.702748
vn -0.000000 -0.711439 -0.702748
vn -0.000000 0.711439 -0.702748
vn 0.000000 0.711439 -0.702748
vn 0.217161 -0.711440 -0.668352
vn 0.217161 -0.711440 -0.668352
vn 0.217161 0.711440 -0.668352
vn 0.217161 0.711440 -0.668352
vn 0.413065 -0.711440 -0.568533
vn 0.413065 -0.711440 -0.568533
vn 0.413065 0.711440 -0.568534
vn 0.413065 0.711440 -0.568534
vn 1.000000 -0.000002 -0.000001
vn 0.951055 -0.000002 -0.309021
vn 0.951056 -0.000002 -0.309019
vn 1.000000 -0.000002 -0.000001
vn 0.951057 -0.000001 0.309015
vn 0.951057 -0.000001 0.309015
vn 0.809018 -0.000001 0.587783
vn 0.809017 -0.000001 0.587785
vn 0.587784 -0.000002 0.809018
vn 0.587786 -0.000002 0.809016
vn 0.309020 -0.000002 0.951056
vn 0.309019 -0.000002 0.951056
vn 0.000001 -0.000001 1.000000
vn 0.000001 -0.000001 1.000000
vn -0.309018 0.000000 0.951056
vn -0.309018 0.000000 0.951056
vn -0.587784 0.000000 0.809018
vn -0.587784 0.000000 0.809018
vn -0.809018 -0.000002 0.587783
vn -0.809018 -0.000002 0.587783
vn -0.951057 -0.000005 0.309016
vn -0.951057 -0.000005 0.309015
vn -1.000000 -0.000007 -0.000000
vn -1.000000 -0.000007 -0.000000
vn -0.951056 -0.000004 -0.309018
vn -0.951057 -0.000004 -0.309016
vn -0.809018 0.000000 -0.587784
vn -0.809018 0.000000 -0.587784
vn -0.587783 -0.000000 -0.809019
vn -0.587784 -0.000000 -0.809018
vn -0.309019 -0.000000 -0.951056
vn -0.309019 -0.000000 -0.951056
vn 0.000001 -0.000001 -1.000000
vn 0.000001 -0.000001 -1.000000
vn 0.309020 -0.000002 -0.951055
vn 0.309019 -0.000002 -0.951056
vn 0.587785 -0.000002 -0.809017
vn 0.587787 -0.000002 -0.809016
vn 0.809017 -0.000000 -0.587786
vn 0.809015 -0.000000 -0.587787
vn 0.000000 -1.000000 0.000012
vn 0.000000 -1.000000 -0.000033
vn 0.000000 -1.000000 -0.000033
vn 0.000000 -1.000000 0.000012
vn 0.000000 1.000000 -0.000045
vn 0.000000 1.000000 -0.000008
vn 0.000000 1.000000 -0.000008
vn 0.000000 1.000000 -0.000045
vn 0.000000 -1.000000 0.000033
vn 0.000000 -1.000000 0.000033
vn 0.000000 1.000000 -0.000030
vn 0.000000 1.000000 -0.000030
vn 0.000000 -1.000000 -0.000017
vn 0.000000 -1.000000 -0.000017
vn 0.000000 1.000000 -0.000023
vn 0.000000 1.000000 -0.000023
vn 0.000000 -1.000000 0.000001
vn 0.000000 -1.000000 0.000001
vn 0.000000 1.000000 0.000002
vn 0.000000 1.000000 0.000002
vn 0.000000 -1.000000 0.000146
vn 0.000000 -1.000000 0.000146
vn 0.000000 1.000000 0.000007
vn 0.000000 1.000000 0.000007
vn 0.000000 -1.000000 0.000152
vn 0.000000 -1.000000 0.000152
vn 0.000000 1.000000 -0.000011
vn 0.000000 1.000000 -0.000011
vn 0.000000 -1.000000 0.000002
vn 0.000000 -1.000000 0.000002
vn 0.000000 1.000000 -0.000106
vn 0.000000 1.000000 -0.000106
vn 0.000000 -1.000000 -0.000029
vn 0.000000 -1.000000 -0.000029
vn 0.000000 1.000000 -0.000101
vn 0.000000 1.000000 -0.000101
vn 0.000000 -1.000000 0.000057
vn 0.000000 -1.000000 0.000057
vn 0.000000 1.000000 0.000043
vn 0.000000 1.000000 0.000043
vn 0.000000 -1.000000 0.000041
vn 0.000000 -1.000000 0.000041
vn 0.000000 1.000000 0.000054
vn 0.000000 1.000000 0.000054
vn 0.000000 -1.000000 0.000007
vn 0.000000 -1.000000 0.000007
vn 0.000000 1.000000 -0.000006
vn 0.000000 1.000000 -0.000006
vn 0.000000 -1.000000 -0.000022
vn 0.000000 -1.000000 -0.000022
vn 0.000000 1.000000 -0.000028
vn 0.000000 1.000000 -0.000028
vn 0.000000 -1.000000 0.000013
vn 0.000000 -1.000000 0.000013
vn 0.000000 1.000000 -0.000014
vn 0.000000 1.000000 -0.000014
vn 0.000000 -1.000000 0.000089
vn 0.000000 -1.000000 0.000089
vn 0.000000 1.000000 0.000080
vn 0.000000 1.000000 0.000080
vn 0.000000 -1.000000 -0.000062
vn 0.000000 -1.000000 -0.000062
vn 0.000000 1.000000 0.000079
vn 0.000000 1.000000 0.000079
vn 0.000000 -1.000000 -0.000160
vn 0.000000 -1.000000 -0.000160
vn 0.000000 1.000000 0.000051
vn 0.000000 1.000000 0.000051
vn 0.000000 -1.000000 -0.000000
vn 0.000000 -1.000000 -0.000000
vn 0.000000 1.000000 0.000043
vn 0.000000 1.000000 0.000043
vn 0.000000 -1.000000 0.000033
vn 0.000000 -1.000000 0.000033
vn 0.000000 1.000000 0.000003
vn 0.000000 1.000000 0.000003
vn 0.000000 -1.000000 -0.000053
vn 0.000000 -1.000000 -0.000053
vn 0.000000 1.000000 -0.000043
vn 0.000000 1.000000 -0.000043
vn 0.000000 -1.000000 0.000012
vn 0.000000 -1.000000 0.000023
vn 0.000000 -1.000000 0.000023
vn 0.000000 -1.000000 0.000012
vn 0.000000 1.000000 0.000011
vn 0.000000 1.000000 0.000004
vn 0.000000 1.000000 0.000004
vn 0.000000 1.000000 0.000011
vn 0.000000 -1.000000 0.000011
vn 0.000000 -1.000000 0.000011
vn 0.000000 1.000000 0.000004
vn 0.000000 1.000000 0.000004
vn 0.000000 -1.000000 0.000032
vn 0.000000 -1.000000 0.000032
vn 0.000000 1.000000 0.000018
vn 0.000000 1.000000 0.000018
vn 0.000000 -1.000000 0.000011
vn 0.000000 -1.000000 0.000011
vn 0.000000 1.000000 0.000012
vn 0.000000 1.000000 0.000012
vn 0.000000 -1.000000 -0.000024
vn 0.000000 -1.000000 -0.000024
vn 0.000000 1.000000 -0.000068
vn 0.000000 1.000000 -0.000068
vn 0.000000 -1.000000 -0.000006
vn 0.000000 -1.000000 -0.000006
vn 0.000000 1.000000 -0.000165
vn 0.000000 1.000000 -0.000165
vn 0.000000 -1.000000 0.000027
vn 0.000000 -1.000000 0.000027
vn 0.000000 1.000000 -0.000132
vn 0.000000 1.000000 -0.000132
vn 0.000000 -1.000000 0.000028
vn 0.000000 -1.000000 0.000028
vn 0.000000 1.000000 -0.000026
vn 0.000000 1.000000 -0.000026
vn 0.000000 -1.000000 -0.000008
vn 0.000000 -1.000000 -0.000008
vn 0.000000 1.000000 -0.000005
vn 0.000000 1.000000 -0.000005
vn 0.000000 -1.000000 -0.000015
vn 0.000000 -1.000000 -0.000015
vn 0.000000 1.000000 -0.000011
vn 0.000000 1.000000 -0.000011
vn 0.000000 -1.000000 -0.000004
vn 0.000000 -1.000000 -0.000004
vn 0.000000 1.000000 0.000000
vn 0.000000 1.000000 0.000000
vn 0.000000 -1.000000 -0.000004
vn 0.000000 -1.000000 -0.000004
vn 0.000000 1.000000 0.000000
vn 0.000000 1.000000 0.000000
vn 0.000000 -1.000000 0.000028
vn 0.000000 -1.000000 0.000028
vn 0.000000 1.000000 0.000031
vn 0.000000 1.000000 0.000031
vn 0.000000 -1.000000 0.000034
vn 0.000000 -1.000000 0.000034
vn 0.000000 1.000000 0.000041
vn 0.000000 1.000000 0.000041
vn 0.000000 -1.000000 0.000117
vn 0.000000 -1.000000 0.000117
vn 0.000000 1.000000 -0.000022
vn 0.000000 1.000000 -0.000022
vn 0.000000 -1.000000 0.000193
vn 0.000000 -1.000000 0.000193
vn 0.000000 1.000000 -0.000009
vn 0.000000 1.000000 -0.000009
vn 0.000000 -1.000000 0.000060
vn 0.000000 -1.000000 0.000060
vn 0.000000 1.000000 0.000050
vn 0.000000 1.000000 0.000050
vn 0.000000 -1.000000 -0.000073
vn 0.000000 -1.000000 -0.000073
vn 0.000000 1.000000 0.000024
vn 0.000000 1.000000 0.000024
vn 0.000000 -1.000000 -0.000037
vn 0.000000 -1.000000 -0.000037
vn 0.000000 1.000000 0.000005
vn 0.000000 1.000000 0.000005
vn 0.924658 0.351512 -0.146449
vn 0.924658 0.351512 -0.146449
vn 0.924658 0.351512 -0.146449
vn 0.924658 0.351512 -0.146449
vn 0.924660 -0.351505 -0.146449
vn 0.924661 -0.351505 -0.146449
vn 0.924661 -0.351505 -0.146449
vn 0.924661 -0.351505 -0.146449
vn 0.834148 0.351505 0.425020
vn 0.834148 0.351505 0.425020
vn 0.834148 0.351505 0.425020
vn 0.834148 0.351505 0.425020
vn 0.834149 -0.351501 0.425020
vn 0.834149 -0.351501 0.425020
vn 0.834149 -0.351501 0.425020
vn 0.834149 -0.351501 0.425020
vn 0.587786 -0.000000 -0.809016
vn 0.587786 -0.000000 -0.809016
vn 0.587786 -0.000000 -0.809016
vn 0.587786 -0.000000 -0.809016
vn 0.587786 -0.000000 -0.809016
vn 0.587786 -0.000000 -0.809016
vn 0.587786 -0.000000 -0.809016
vn 0.587786 -0.000000 -0.809016
vn 0.587786 -0.000000 -0.809016
vn 0.587786 -0.000000 -0.809016
vn 0.587786 -0.000000 -0.809016
vn 0.587786 -0.000000 -0.809016
vn 0.587786 -0.000000 -0.809016
vn 0.587786 -0.000000 -0.809016
vn 0.587786 -0.000000 -0.809016
vn 0.587786 -0.000000 -0.809016
vn 0.587786 -0.000000 -0.809016
vn 0.587786 -0.000000 -0.809016
vn 0.587786 -0.000000 -0.809016
vn 0.587786 -0.000000 -0.809016
vn 0.587786 -0.000000 -0.809016
vn 0.587786 -0.000000 -0.809016
vn 0.587786 -0.000000 -0.809016
vn 0.587786 -0.000000 -0.809016
vn 0.587786 -0.000000 -0.809016
vn 0.587786 -0.000000 -0.809016
vn 0.587786 -0.000000 -0.809016
vn 0.587786 -0.000000 -0.809016
vn 0.587786 -0.000000 -0.809016
vn 0.587786 -0.000000 -0.809016
vn 0.587786 -0.000000 -0.809016
vn 0.587786 -0.000000 -0.809016
vn 0.587786 -0.000000 -0.809016
vn 0.587786 -0.000000 -0.809016
vn 0.587786 -0.000000 -0.809016
vn 0.587786 -0.000000 -0.809016
vn 0.587786 -0.000000 -0.809016
vn 0.587786 -0.000000 -0.809016
vn 0.587786 -0.000000 -0.809016
vn 0.587786 -0.000000 -0.809016
vn 0.587786 -0.000000 -0.809016
vn 0.587786 -0.000000 -0.809016
vn 0.425017 0.351504 0.834149
vn 0.425017 0.351504 0.834149
vn 0.425017 0.351504 0.834149
vn 0.425017 0.351504 0.834149
vn -0.809024 -0.000000 0.587775
vn -0.809024 -0.000000 0.587775
vn -0.809024 -0.000000 0.587775
vn -0.809024 -0.000000 0.587775
vn -0.809024 -0.000000 0.587775
vn -0.809024 -0.000000 0.587775
vn -0.809024 -0.000000 0.587775
vn -0.809024 -0.000000 0.587775
vn -0.809024 -0.000000 0.587775
vn -0.809024 -0.000000 0.587775
vn -0.809024 -0.000000 0.587775
vn -0.809024 -0.000000 0.587775
vn -0.809024 -0.000000 0.587775
vn -0.809024 -0.000000 0.587775
vn -0.809024 -0.000000 0.587775
vn -0.809024 -0.000000 0.587775
vn -0.809024 -0.000000 0.587775
vn -0.809024 -0.000000 0.587775
vn -0.809024 -0.000000 0.587775
vn -0.809024 -0.000000 0.587775
vn -0.809024 -0.000000 0.587775
vn -0.809024 -0.000000 0.587775
vn -0.809024 -0.000000 0.587775
vn -0.809024 -0.000000 0.587775
vn -0.809024 -0.000000 0.587775
vn -0.809024 -0.000000 0.587775
vn -0.809024 -0.000000 0.587775
vn -0.809024 -0.000000 0.587775
vn -0.809024 -0.000000 0.587775
vn -0.809024 -0.000000 0.587775
vn -0.809024 -0.000000 0.587775
vn -0.809024 -0.000000 0.587775
vn -0.809024 -0.000000 0.587775
vn -0.809024 -0.000000 0.587775
vn -0.809024 -0.000000 0.587775
vn -0.809024 -0.000000 0.587775
vn -0.809024 -0.000000 0.587775
vn -0.809024 -0.000000 0.587775
vn -0.809024 -0.000000 0.587775
vn -0.809024 -0.000000 0.587775
vn -0.809024 -0.000000 0.587775
vn -0.809024 -0.000000 0.587775
vn 0.425020 -0.351500 0.834150
vn 0.425020 -0.351500 0.834150
vn 0.425020 -0.351500 0.834150
vn 0.425020 -0.351500 0.834150
vn -0.146451 0.351509 0.924659
vn -0.146451 0.351509 0.924659
vn -0.146451 0.351509 0.924658
vn -0.146451 0.351509 0.924659
vn -0.146452 -0.351502 0.924661
vn -0.146452 -0.351502 0.924661
vn -0.146452 -0.351502 0.924661
vn -0.146452 -0.351502 0.924661
vn -0.661984 0.351507 0.661982
vn -0.661984 0.351507 0.661982
vn -0.661984 0.351507 0.661982
vn -0.661984 0.351507 0.661982
vn -0.809024 0.000000 -0.587776
vn -0.809024 0.000000 -0.587776
vn -0.809024 0.000000 -0.587776
vn -0.809024 0.000000 -0.587776
vn -0.809024 0.000000 -0.587776
vn -0.809024 0.000000 -0.587776
vn -0.809024 0.000000 -0.587776
vn -0.809024 0.000000 -0.587776
vn -0.809024 0.000000 -0.587776
vn -0.809024 0.000000 -0.587776
vn -0.809024 0.000000 -0.587776
vn -0.809024 0.000000 -0.587776
vn -0.809024 0.000000 -0.587776
vn -0.809024 0.000000 -0.587776
vn -0.809024 0.000000 -0.587776
vn -0.809024 0.000000 -0.587776
vn -0.809024 0.000000 -0.587776
vn -0.809024 0.000000 -0.587776
vn -0.809024 0.000000 -0.587776
vn -0.809024 0.000000 -0.587776
vn -0.809024 0.000000 -0.587776
vn -0.809024 0.000000 -0.587776
vn -0.809024 0.000000 -0.587776
vn -0.809023 0.000000 -0.587776
vn -0.809024 0.000000 -0.587776
vn -0.809024 0.000000 -0.587776
vn -0.809024 0.000000 -0.587776
vn -0.809024 0.000000 -0.587776
vn -0.809023 0.000000 -0.587776
vn -0.809024 0.000000 -0.587776
vn -0.809024 0.000000 -0.587776
vn -0.809024 0.000000 -0.587776
vn -0.809024 0.000000 -0.587776
vn -0.809024 0.000000 -0.587776
vn -0.809024 0.000000 -0.587776
vn -0.809024 0.000000 -0.587776
vn -0.809024 0.000000 -0.587776
vn -0.809024 0.000000 -0.587776
vn -0.809023 0.000000 -0.587776
vn -0.809024 0.000000 -0.587776
vn -0.809024 0.000000 -0.587776
vn -0.809024 0.000000 -0.587776
vn -0.661985 -0.351498 0.661985
vn -0.661985 -0.351498 0.661985
vn -0.661985 -0.351498 0.661985
vn -0.661985 -0.351498 0.661985
vn -0.924658 0.351510 0.146452
vn -0.924658 0.351510 0.146452
vn -0.924658 0.351510 0.146452
vn -0.924658 0.351510 0.146452
vn -0.924661 -0.351502 0.146450
vn -0.924661 -0.351502 0.146450
vn -0.924661 -0.351502 0.146450
vn -0.924661 -0.351502 0.146450
vn -0.834147 0.351506 -0.425021
vn -0.834147 0.351506 -0.425021
vn -0.834147 0.351506 -0.425021
vn -0.834147 0.351506 -0.425021
vn -0.834149 -0.351501 -0.425021
vn -0.834149 -0.351501 -0.425021
vn -0.834149 -0.351501 -0.425021
vn -0.834149 -0.351501 -0.425020
vn -0.587785 -0.000000 0.809017
vn -0.587785 -0.000000 0.809017
vn -0.587785 -0.000000 0.809017
vn -0.587785 -0.000000 0.809017
vn -0.587785 -0.000000 0.809017
vn -0.587785 -0.000000 0.809017
vn -0.587785 -0.000000 0.809017
vn -0.587785 -0.000000 0.809017
vn -0.587785 -0.000000 0.809017
vn -0.587785 -0.000000 0.809017
vn -0.587785 -0.000000 0.809017
vn -0.587785 -0.000000 0.809017
vn -0.587785 -0.000000 0.809017
vn -0.587785 -0.000000 0.809017
vn -0.587785 -0.000000 0.809017
vn -0.587785 -0.000000 0.809017
vn -0.587785 -0.000000 0.809017
vn -0.587785 -0.000000 0.809017
vn -0.587785 -0.000000 0.809017
vn -0.587785 -0.000000 0.809017
vn -0.587785 -0.000000 0.809017
vn -0.587785 -0.000000 0.809017
vn -0.587785 -0.000000 0.809017
vn -0.587785 -0.000000 0.809017
vn -0.587785 -0.000000 0.809017
vn -0.587785 -0.000000 0.809017
vn -0.587785 -0.000000 0.809017
vn -0.587785 -0.000000 0.809017
vn -0.587785 -0.000000 0.809017
vn -0.587785 -0.000000 0.809017
vn -0.587785 -0.000000 0.809017
vn -0.587785 -0.000000 0.809017
vn -0.587785 -0.000000 0.809017
vn -0.587785 -0.000000 0.809017
vn -0.587785 -0.000000 0.809017
vn -0.587785 -0.000000 0.809017
vn -0.587785 -0.000000 0.809017
vn -0.587785 -0.000000 0.809017
vn -0.587785 -0.000000 0.809017
vn -0.587785 -0.000000 0.809017
vn -0.587785 -0.000000 0.809017
vn -0.587785 -0.000000 0.809017
vn -0.425021 0.351508 -0.834146
vn -0.425021 0.351508 -0.834146
vn -0.425021 0.351508 -0.834146
vn -0.425021 0.351508 -0.834146
vn 0.809015 -0.000000 -0.587787
vn 0.809015 -0.000000 -0.587787
vn 0.809015 -0.000000 -0.587787
vn 0.809015 -0.000000 -0.587787
vn 0.809015 -0.000000 -0.587787
vn 0.809015 -0.000000 -0.587787
vn 0.809015 -0.000000 -0.587787
vn 0.809015 -0.000000 -0.587787
vn 0.809015 -0.000000 -0.587787
vn 0.809015 -0.000000 -0.587787
vn 0.809015 -0.000000 -0.587787
vn 0.809015 -0.000000 -0.587787
vn 0.809015 -0.000000 -0.587787
vn 0.809015 -0.000000 -0.587787
vn 0.809015 -0.000000 -0.587787
vn 0.809015 -0.000000 -0.587787
vn 0.809015 -0.000000 -0.587787
vn 0.809015 -0.000000 -0.587787
vn 0.809015 -0.000000 -0.587787
vn 0.809015 -0.000000 -0.587787
vn 0.809015 -0.000000 -0.587787
vn 0.809015 -0.000000 -0.587787
vn 0.809015 -0.000000 -0.587787
vn 0.809015 -0.000000 -0.587787
vn 0.809015 -0.000000 -0.587787
vn 0.809015 -0.000000 -0.587787
vn 0.809015 -0.000000 -0.587787
vn 0.809015 -0.000000 -0.587787
vn 0.809015 -0.000000 -0.587787
vn 0.809015 -0.000000 -0.587787
vn 0.809016 -0.000000 -0.587787
vn 0.809015 -0.000000 -0.587787
vn 0.809015 -0.000000 -0.587787
vn 0.809015 -0.000000 -0.587787
vn 0.809015 -0.000000 -0.587787
vn 0.809015 -0.000000 -0.587787
vn 0.809015 -0.000000 -0.587787
vn 0.809015 -0.000000 -0.587787
vn 0.809015 -0.000000 -0.587787
vn 0.809015 -0.000000 -0.587787
vn 0.809015 -0.000000 -0.587787
vn 0.809015 -0.000000 -0.587787
vn -0.425023 -0.351502 -0.834148
vn -0.425023 -0.351502 -0.834148
vn -0.425023 -0.351502 -0.834148
vn -0.425023 -0.351502 -0.834148
vn 0.146453 0.351509 -0.924658
vn 0.146453 0.351509 -0.924658
vn 0.146453 0.351509 -0.924658
vn 0.146453 0.351509 -0.924658
vn 0.146452 -0.351500 -0.924662
vn 0.146452 -0.351500 -0.924662
vn 0.146452 -0.351500 -0.924662
vn 0.146452 -0.351500 -0.924662
vn 0.661983 0.351508 -0.661983
vn 0.661983 0.351508 -0.661983
vn 0.661983 0.351508 -0.661983
vn 0.661983 0.351508 -0.661983
vn 0.809013 0.000000 0.587791
vn 0.809013 0.000000 0.587791
vn 0.809013 0.000000 0.587791
vn 0.809013 0.000000 0.587791
vn 0.809013 0.000000 0.587791
vn 0.809013 0.000000 0.587791
vn 0.809013 0.000000 0.587791
vn 0.809013 0.000000 0.587791
vn 0.809013 0.000000 0.587791
vn 0.809013 0.000000 0.587791
vn 0.809013 0.000000 0.587791
vn 0.809013 0.000000 0.587791
vn 0.809013 0.000000 0.587791
vn 0.809013 0.000000 0.587791
vn 0.809013 0.000000 0.587791
vn 0.809013 0.000000 0.587791
vn 0.809013 0.000000 0.587791
vn 0.809013 0.000000 0.587791
vn 0.809013 0.000000 0.587791
vn 0.809013 0.000000 0.587791
vn 0.809013 0.000000 0.587791
vn 0.809013 0.000000 0.587791
vn 0.809013 0.000000 0.587791
vn 0.809013 0.000000 0.587791
vn 0.809013 0.000000 0.587791
vn 0.809013 0.000000 0.587791
vn 0.809013 0.000000 0.587791
vn 0.809013 0.000000 0.587791
vn 0.809013 0.000000 0.587791
vn 0.809013 0.000000 0.587791
vn 0.809013 0.000000 0.587791
vn 0.809013 0.000000 0.587791
vn 0.809013 0.000000 0.587791
vn 0.809013 0.000000 0.587791
vn 0.809013 0.000000 0.587791
vn 0.809013 0.000000 0.587791
vn 0.809013 0.000000 0.587791
vn 0.809013 0.000000 0.587791
vn 0.809013 0.000000 0.587791
vn 0.809013 0.000000 0.587791
vn 0.809013 0.000000 0.587791
vn 0.809013 0.000000 0.587791
vn 0.661983 -0.351502 -0.661985
vn 0.661983 -0.351502 -0.661985
vn 0.661983 -0.351502 -0.661985
vn 0.661983 -0.351502 -0.661985
vn 1.000000 0.000001 0.000001
vn 1.000000 0.000001 0.000001
vn 0.951057 0.000001 -0.309016
vn 0.951057 0.000001 -0.309016
vn 0.951057 0.000001 -0.309016
vn 1.000000 0.000001 0.000001
vn 0.951057 0.000001 0.309017
vn 0.951056 0.000001 0.309017
vn 0.951057 0.000001 0.309017
vn 0.809017 0.000001 0.587785
vn 0.809017 0.000001 0.587785
vn 0.809017 0.000001 0.587785
vn 0.587785 0.000001 0.809017
vn 0.587785 0.000001 0.809017
vn 0.587785 0.000001 0.809017
vn 0.309017 0.000001 0.951057
vn 0.309017 0.000001 0.951056
vn 0.309017 0.000001 0.951057
vn 0.000000 0.000001 1.000000
vn 0.000000 0.000001 1.000000
vn 0.000000 0.000001 1.000000
vn -0.309017 0.000001 0.951057
vn -0.309017 0.000001 0.951057
vn -0.309017 0.000001 0.951057
vn -0.587785 0.000001 0.809017
vn -0.587785 0.000001 0.809017
vn -0.587785 0.000001 0.809017
vn -0.809017 0.000001 0.587785
vn -0.809017 0.000001 0.587785
vn -0.809017 0.000001 0.587785
vn -0.951057 0.000001 0.309017
vn -0.951057 0.000001 0.309017
vn -0.951056 0.000001 0.309017
vn -1.000000 0.000001 0.000000
vn -1.000000 0.000001 0.000000
vn -1.000000 0.000001 0.000000
vn -0.951057 0.000001 -0.309017
vn -0.951057 0.000001 -0.309017
vn -0.951056 0.000001 -0.309017
vn -0.809017 0.000001 -0.587785
vn -0.809017 0.000001 -0.587785
vn -0.809017 0.000001 -0.587785
vn -0.587786 0.000001 -0.809017
vn -0.587786 0.000001 -0.809017
vn -0.587786 0.000001 -0.809017
vn -0.309017 0.000001 -0.951056
vn -0.309017 0.000001 -0.951057
vn -0.309017 0.000001 -0.951056
vn -0.000000 0.000001 -1.000000
vn -0.000000 0.000001 -1.000000
vn -0.000000 0.000001 -1.000000
vn 0.309017 0.000001 -0.951057
vn 0.309017 0.000001 -0.951057
vn 0.309017 0.000001 -0.951057
vn 0.587785 0.000001 -0.809017
vn 0.587785 0.000001 -0.809017
vn 0.587785 0.000001 -0.809017
vn 0.809017 0.000001 -0.587785
vn 0.809017 0.000001 -0.587785
vn 0.809017 0.000001 -0.587785
vn 0.668303 -0.711491 -0.217144
vn 0.668303 -0.711491 -0.217145
vn 0.568492 -0.711492 -0.413033
vn 0.568492 -0.711492 -0.413033
vn 0.702694 -0.711492 0.000001
vn 0.702695 -0.711492 0.000000
vn 0.668301 -0.711493 0.217144
vn 0.668302 -0.711493 0.217144
vn 0.668302 0.711491 -0.217144
vn 0.668302 0.711491 -0.217145
vn 0.568492 0.711492 -0.413033
vn 0.568492 0.711492 -0.413033
vn 0.702695 0.711492 0.000001
vn 0.702695 0.711492 0.000001
vn 0.668302 0.711492 0.217144
vn 0.668302 0.711492 0.217144
vn 0.568492 -0.711492 0.413032
vn 0.568492 -0.711492 0.413032
vn 0.568492 0.711492 0.413032
vn 0.568492 0.711492 0.413032
vn 0.413033 -0.711493 0.568491
vn 0.413033 -0.711493 0.568491
vn 0.413033 0.711492 0.568491
vn 0.413033 0.711492 0.568491
vn 0.217144 -0.711493 0.668301
vn 0.217144 -0.711493 0.668301
vn 0.217144 0.711491 0.668303
vn 0.217144 0.711491 0.668303
vn 0.000000 -0.711494 0.702692
vn 0.000000 -0.711494 0.702692
vn 0.000000 0.711491 0.702695
vn 0.000000 0.711491 0.702695
vn -0.217143 -0.711494 0.668300
vn -0.217144 -0.711494 0.668300
vn -0.217144 0.711492 0.668302
vn -0.217144 0.711492 0.668302
vn -0.413033 -0.711494 0.568490
vn -0.413033 -0.711494 0.568490
vn -0.413033 0.711491 0.568492
vn -0.413033 0.711492 0.568492
vn -0.568491 -0.711493 0.413033
vn -0.568491 -0.711493 0.413032
vn -0.568491 0.711492 0.413034
vn -0.568491 0.711492 0.413034
vn -0.668301 -0.711493 0.217145
vn -0.668301 -0.711493 0.217144
vn -0.668302 0.711492 0.217145
vn -0.668302 0.711492 0.217145
vn -0.702694 -0.711492 0.000000
vn -0.702694 -0.711492 -0.000000
vn -0.702694 0.711492 0.000000
vn -0.702694 0.711492 0.000000
vn -0.668302 -0.711492 -0.217144
vn -0.668302 -0.711492 -0.217145
vn -0.668302 0.711492 -0.217145
vn -0.668302 0.711492 -0.217145
vn -0.568491 -0.711492 -0.413033
vn -0.568491 -0.711492 -0.413033
vn -0.568491 0.711492 -0.413034
vn -0.568491 0.711492 -0.413034
vn -0.413034 -0.711491 -0.568492
vn -0.413033 -0.711491 -0.568492
vn -0.413033 0.711493 -0.568491
vn -0.413033 0.711493 -0.568491
vn -0.217145 -0.711490 -0.668304
vn -0.217145 -0.711490 -0.668304
vn -0.217145 0.711493 -0.668301
vn -0.217145 0.711493 -0.668301
vn 0.000000 -0.711491 -0.702695
vn 0.000000 -0.711491 -0.702695
vn -0.000000 0.711492 -0.702694
vn -0.000000 0.711492 -0.702694
vn 0.217145 -0.711492 -0.668302
vn 0.217145 -0.711492 -0.668302
vn 0.217144 0.711493 -0.668301
vn 0.217144 0.711493 -0.668301
vn 0.413034 -0.711492 -0.568491
vn 0.413033 -0.711492 -0.568491
vn 0.413034 0.711493 -0.568490
vn 0.413034 0.711493 -0.568490
vn 0.668304 -0.711490 -0.217144
vn 0.668305 -0.711490 -0.217144
vn 0.568493 -0.711491 -0.413034
vn 0.568493 -0.711491 -0.413034
vn 0.702697 -0.711489 0.000001
vn 0.702697 -0.711489 0.000001
vn 0.668304 -0.711490 0.217146
vn 0.668304 -0.711490 0.217146
vn 0.668305 0.711489 -0.217145
vn 0.668305 0.711489 -0.217145
vn 0.568493 0.711490 -0.413035
vn 0.568493 0.711490 -0.413034
vn 0.702697 0.711490 0.000001
vn 0.702697 0.711490 0.000001
vn 0.668303 0.711491 0.217145
vn 0.668303 0.711491 0.217146
vn 0.568493 -0.711490 0.413034
vn 0.568493 -0.711490 0.413034
vn 0.568493 0.711490 0.413034
vn 0.568493 0.711490 0.413034
vn 0.413034 -0.711490 0.568493
vn 0.413034 -0.711490 0.568493
vn 0.413034 0.711491 0.568493
vn 0.413034 0.711491 0.568492
vn 0.217145 -0.711489 0.668305
vn 0.217145 -0.711489 0.668305
vn 0.217144 0.711491 0.668303
vn 0.217144 0.711491 0.668303
vn 0.000000 -0.711489 0.702697
vn 0.000000 -0.711489 0.702697
vn 0.000000 0.711491 0.702695
vn 0.000000 0.711491 0.702695
vn -0.217145 -0.711489 0.668305
vn -0.217145 -0.711489 0.668305
vn -0.217144 0.711491 0.668303
vn -0.217144 0.711491 0.668303
vn -0.413035 -0.711490 0.568493
vn -0.413034 -0.711490 0.568493
vn -0.413034 0.711491 0.568493
vn -0.413034 0.711490 0.568493
vn -0.568493 -0.711490 0.413034
vn -0.568493 -0.711490 0.413034
vn -0.568493 0.711491 0.413034
vn -0.568492 0.711491 0.413035
vn -0.668303 -0.711490 0.217145
vn -0.668303 -0.711490 0.217145
vn -0.668303 0.711491 0.217145
vn -0.668303 0.711491 0.217146
vn -0.702696 -0.711490 0.000000
vn -0.702696 -0.711490 0.000000
vn -0.702696 0.711490 -0.000000
vn -0.702696 0.711490 0.000000
vn -0.668304 -0.711490 -0.217145
vn -0.668304 -0.711490 -0.217145
vn -0.668304 0.711489 -0.217146
vn -0.668305 0.711489 -0.217145
vn -0.568493 -0.711490 -0.413034
vn -0.568493 -0.711490 -0.413034
vn -0.568493 0.711490 -0.413034
vn -0.568493 0.711490 -0.413034
vn -0.413035 -0.711491 -0.568492
vn -0.413035 -0.711491 -0.568492
vn -0.413035 0.711489 -0.568494
vn -0.413035 0.711489 -0.568494
vn -0.217145 -0.711491 -0.668303
vn -0.217146 -0.711491 -0.668303
vn -0.217146 0.711488 -0.668305
vn -0.217146 0.711488 -0.668305
vn -0.000000 -0.711490 -0.702696
vn -0.000000 -0.711490 -0.702696
vn 0.000000 0.711488 -0.702698
vn 0.000000 0.711488 -0.702698
vn 0.217145 -0.711490 -0.668304
vn 0.217145 -0.711490 -0.668304
vn 0.217145 0.711489 -0.668305
vn 0.217145 0.711489 -0.668304
vn 0.413035 -0.711491 -0.568492
vn 0.413035 -0.711491 -0.568492
vn 0.413035 0.711491 -0.568492
vn 0.413035 0.711491 -0.568492
vn 1.000000 0.000000 0.000001
vn 0.951057 0.000000 -0.309015
vn 0.951057 0.000000 -0.309015
vn 1.000000 0.000000 0.000001
vn 0.951056 0.000000 0.309018
vn 0.951056 0.000000 0.309018
vn 0.809016 -0.000000 0.587786
vn 0.809016 -0.000000 0.587786
vn 0.587784 -0.000000 0.809018
vn 0.587785 -0.000000 0.809017
vn 0.309017 0.000000 0.951056
vn 0.309017 0.000000 0.951056
vn 0.000000 0.000000 1.000000
vn 0.000000 0.000000 1.000000
vn -0.309017 0.000000 0.951056
vn -0.309017 0.000000 0.951056
vn -0.587785 0.000000 0.809017
vn -0.587785 0.000000 0.809017
vn -0.809017 -0.000000 0.587785
vn -0.809017 -0.000000 0.587785
vn -0.951056 -0.000000 0.309017
vn -0.951056 -0.000000 0.309017
vn -1.000000 0.000000 0.000000
vn -1.000000 0.000000 0.000000
vn -0.951057 0.000000 -0.309016
vn -0.951057 0.000000 -0.309016
vn -0.809017 0.000000 -0.587785
vn -0.809017 0.000000 -0.587785
vn -0.587786 -0.000001 -0.809016
vn -0.587786 -0.000001 -0.809016
vn -0.309018 -0.000001 -0.951056
vn -0.309017 -0.000001 -0.951056
vn -0.000000 -0.000000 -1.000000
vn -0.000000 -0.000000 -1.000000
vn 0.309016 0.000000 -0.951057
vn 0.309016 0.000000 -0.951057
vn 0.587785 0.000000 -0.809017
vn 0.587785 0.000000 -0.809017
vn 0.809017 0.000000 -0.587785
vn 0.809017 0.000000 -0.587785
vn 1.000000 0.000000 0.000001
vn 0.951057 0.000000 -0.309016
vn 0.951057 0.000000 -0.309016
vn 1.000000 0.000000 0.000001
vn 0.951056 0.000000 0.309017
vn 0.951056 0.000000 0.309017
vn 0.809017 0.000000 0.587785
vn 0.809017 0.000000 0.587785
vn 0.587785 0.000000 0.809017
vn 0.587785 0.000000 0.809017
vn 0.309017 0.000000 0.951056
vn 0.309017 0.000000 0.951056
vn 0.000000 0.000000 1.000000
vn 0.000000 0.000000 1.000000
vn -0.309017 0.000000 0.951056
vn -0.309017 0.000000 0.951056
vn -0.587785 0.000000 0.809017
vn -0.587785 0.000000 0.809017
vn -0.809017 0.000000 0.587785
vn -0.809017 0.000000 0.587785
vn -0.951057 0.000000 0.309017
vn -0.951057 0.000000 0.309017
vn -1.000000 0.000000 0.000000
vn -1.000000 0.000000 0.000000
vn -0.951057 0.000000 -0.309017
vn -0.951057 0.000000 -0.309017
vn -0.809017 0.000000 -0.587785
vn -0.809017 0.000000 -0.587785
vn -0.587786 0.000000 -0.809017
vn -0.587786 0.000000 -0.809017
vn -0.309016 0.000000 -0.951057
vn -0.309016 0.000000 -0.951057
vn -0.000000 0.000000 -1.000000
vn -0.000000 0.000000 -1.000000
vn 0.309017 -0.000000 -0.951056
vn 0.309017 -0.000000 -0.951056
vn 0.587785 -0.000001 -0.809017
vn 0.587784 -0.000001 -0.809018
vn 0.809016 -0.000001 -0.587786
vn 0.809016 -0.000001 -0.587786
s 1
g pCylinder1
usemtl openPBRSurface1SG
f 1/575/1 2/576/2 62/577/3 43/578/4
f 2/576/2 3/579/5 61/580/6 62/577/3
f 3/579/5 4/583/7 60/584/8 61/580/6
f 4/583/7 5/587/9 59/588/10 60/584/8
f 5/587/9 6/591/11 58/592/12 59/588/10
f 6/591/11 7/595/13 57/596/14 58/592/12
f 7/595/13 8/599/15 56/600/16 57/596/14
f 8/599/15 9/603/17 55/604/18 56/600/16
f 9/603/17 10/607/19 54/608/20 55/604/18
f 10/607/19 11/611/21 53/612/22 54/608/20
f 11/611/21 12/613/23 52/614/24 53/612/22
f 12/613/23 13/609/25 51/610/26 52/614/24
f 13/609/25 14/605/27 50/606/28 51/610/26
f 14/605/27 15/601/29 49/602/30 50/606/28
f 15/601/29 16/597/31 48/598/32 49/602/30
f 16/597/31 17/593/33 47/594/34 48/598/32
f 17/593/33 18/589/35 46/590/36 47/594/34
f 18/589/35 19/585/37 45/586/38 46/590/36
f 19/585/37 20/581/39 44/582/40 45/586/38
f 20/581/39 1/575/1 43/578/4 44/582/40
s 2
f 2/615/41 1/616/42 41/617/43
f 3/619/44 2/615/41 41/617/43
f 4/621/45 3/619/44 41/617/43
f 5/623/46 4/621/45 41/617/43
f 6/625/47 5/623/46 41/617/43
f 7/627/48 6/625/47 41/617/43
f 8/629/49 7/627/48 41/617/43
f 9/631/50 8/629/49 41/617/43
f 10/607/51 9/631/50 41/617/43
f 11/611/52 10/607/51 41/617/43
f 12/633/53 11/611/52 41/617/43
f 13/632/54 12/633/53 41/617/43
f 14/630/55 13/632/54 41/617/43
f 15/628/56 14/630/55 41/617/43
f 16/626/57 15/628/56 41/617/43
f 17/624/58 16/626/57 41/617/43
f 18/622/59 17/624/58 41/617/43
f 19/620/60 18/622/59 41/617/43
f 20/618/61 19/620/60 41/617/43
f 1/616/42 20/618/61 41/617/43
s 3
f 21/634/62 22/635/63 42/636/64
f 22/635/63 23/637/65 42/636/64
f 23/637/65 24/639/66 42/636/64
f 24/639/66 25/641/67 42/636/64
f 25/641/67 26/643/68 42/636/64
f 26/643/68 27/645/69 42/636/64
f 27/645/69 28/647/70 42/636/64
f 28/647/70 29/649/71 42/636/64
f 29/649/71 30/651/72 42/636/64
f 30/651/72 31/653/73 42/636/64
f 31/653/73 32/654/74 42/636/64
f 32/654/74 33/652/75 42/636/64
f 33/652/75 34/650/76 42/636/64
f 34/650/76 35/648/77 42/636/64
f 35/648/77 36/646/78 42/636/64
f 36/646/78 37/644/79 42/636/64
f 37/644/79 38/642/80 42/636/64
f 38/642/80 39/640/81 42/636/64
f 39/640/81 40/638/82 42/636/64
f 40/638/82 21/634/62 42/636/64
s 4
f 64/655/83 63/656/84 21/657/85 40/658/86
f 65/661/87 64/655/83 40/658/86 39/662/88
f 66/665/89 65/661/87 39/662/88 38/666/90
f 67/669/91 66/665/89 38/666/90 37/670/92
f 68/672/93 67/669/91 37/670/92 36/673/94
f 69/675/95 68/672/93 36/673/94 35/676/96
f 70/679/97 69/675/95 35/676/96 34/680/98
f 71/683/99 70/679/97 34/680/98 33/684/100
f 72/687/101 71/683/99 33/684/100 32/688/102
f 73/691/103 72/687/101 32/688/102 31/692/104
f 74/689/105 73/691/103 31/692/104 30/690/106
f 75/685/107 74/689/105 30/690/106 29/686/108
f 76/681/109 75/685/107 29/686/108 28/682/110
f 77/677/111 76/681/109 28/682/110 27/678/112
f 78/674/113 77/677/111 27/678/112 26/643/114
f 79/671/115 78/674/113 26/643/114 25/641/116
f 80/667/117 79/671/115 25/641/116 24/668/118
f 81/663/119 80/667/117 24/668/118 23/664/120
f 82/659/121 81/663/119 23/664/120 22/660/122
f 63/656/84 82/659/121 22/660/122 21/657/85
s 5
f 104/1/123 103/2/124 1123/3/125 1124/4/126
f 105/7/127 104/1/123 1124/4/126 1125/8/128
f 106/11/129 105/7/127 1125/8/128 1126/12/130
f 107/13/131 106/11/129 1126/12/130 1127/14/132
f 108/1121/133 107/1122/131 1127/1123/132 1128/1124/134
f 109/1125/135 108/1121/133 1128/1124/134 1129/1126/136
f 110/1127/137 109/1125/135 1129/1126/136 1130/1128/138
f 111/19/139 110/1127/137 1130/1128/138 1131/20/140
f 112/16/141 111/19/139 1131/20/140 1132/17/142
f 113/15/143 112/16/141 1132/17/142 1133/18/144
f 114/21/145 113/15/143 1133/18/144 1134/22/146
f 115/23/147 114/21/145 1134/22/146 1135/24/148
f 116/25/149 115/23/147 1135/24/148 1136/26/150
f 117/27/151 116/25/149 1136/26/150 1137/28/152
f 118/1129/153 117/27/151 1137/28/152 1138/1130/154
f 119/1131/155 118/1129/153 1138/1130/154 1139/1132/156
f 120/1133/157 119/1131/155 1139/1132/156 1140/1134/158
f 121/9/159 120/1133/157 1140/1134/158 1141/10/160
f 122/5/161 121/9/159 1141/10/160 1142/6/162
f 103/2/124 122/5/161 1142/6/162 1123/3/125
s off
f 744/29/163 706/30/164 704/31/165 703/32/166 705/33/167 743/34/168 741/35/169 739/36/170 737/37/171 735/38/172 733/39/173 731/40/174 729/41/175 713/42/176 707/43/177 709/44/178 711/45/179 715/46/180 717/47/181 719/48/182 721/49/183 723/50/184 725/51/185 727/52/186 728/53/187 726/54/188 724/55/189 722/56/190 720/57/191 718/58/192 716/59/193 712/60/194 710/61/195 708/62/196 714/63/197 730/64/198 732/65/199 734/66/200 736/67/201 738/68/202 740/69/203 742/70/204
f 685/71/205 125/72/206 124/73/207 684/74/208 664/75/209 644/76/210 624/77/211 604/78/212 584/79/213 564/80/214 544/81/215 524/82/216 344/83/217 304/84/218 324/85/219 364/86/220 384/87/221 404/88/222 424/89/223 444/90/224 464/91/225 484/92/226 504/93/227 505/94/228 485/95/229 465/96/230 445/97/231 425/98/232 405/99/233 385/100/234 365/101/235 325/102/236 305/103/237 345/104/238 525/105/239 545/106/240 565/107/241 585/108/242 605/109/243 625/110/244 645/111/245 665/112/246
f 786/113/247 748/114/248 746/115/249 745/116/250 747/117/251 785/118/252 783/119/253 781/120/254 779/121/255 777/122/256 775/123/257 773/124/258 771/125/259 755/126/260 749/127/261 751/128/262 753/129/263 757/130/264 759/131/265 761/132/266 763/133/267 765/134/268 767/135/269 769/136/270 770/137/271 768/138/272 766/139/273 764/140/274 762/141/275 760/142/276 758/143/277 754/144/278 752/145/279 750/146/280 756/147/281 772/148/282 774/149/283 776/150/284 778/151/285 780/152/286 782/153/287 784/154/288
f 687/176/289 127/177/290 126/175/291 686/174/292 666/173/293 646/172/294 626/171/295 606/170/296 586/169/297 566/168/298 546/167/299 526/166/300 346/165/301 306/164/302 326/163/303 366/162/304 386/161/305 406/160/306 426/159/307 446/158/308 466/157/309 486/156/310 506/155/311 507/178/312 487/179/313 467/180/314 447/181/315 427/182/316 407/183/317 387/184/318 367/185/319 327/186/320 307/187/321 347/188/322 527/189/323 547/190/324 567/191/325 587/192/326 607/193/327 627/194/328 647/195/329 667/196/330
f 828/1135/331 790/1136/332 788/1137/333 787/1138/334 789/1139/335 827/1140/336 825/1141/337 823/1142/338 821/1143/339 819/1144/340 817/1145/341 815/1146/342 813/1147/343 797/1148/344 791/1149/345 793/1150/346 795/1151/347 799/1152/348 801/1153/349 803/1154/350 805/1155/351 807/1156/352 809/1157/353 811/1158/354 812/1159/355 810/1160/356 808/1161/357 806/1162/358 804/1163/359 802/1164/360 800/1165/361 796/1166/362 794/1167/363 792/1168/364 798/1169/365 814/1170/366 816/1171/367 818/1172/368 820/1173/369 822/1174/370 824/1175/371 826/1176/372
f 689/1198/373 129/1199/374 128/1200/375 688/1201/376 668/1202/377 648/1203/378 628/1204/379 608/1205/380 588/1206/381 568/1207/382 548/1208/383 528/1209/384 348/1210/385 308/1211/386 328/1212/387 368/1213/388 388/1214/389 408/1215/390 428/1216/391 448/1217/392 468/1218/393 488/1219/394 508/1220/395 509/1221/396 489/1222/397 469/1223/398 449/1224/399 429/1225/400 409/1226/401 389/1227/402 369/1228/403 329/1229/404 309/1230/405 349/1231/406 529/1232/407 549/1233/408 569/1234/409 589/1235/410 609/1236/411 629/1237/412 649/1238/413 669/1239/414
f 870/1240/415 832/1241/416 830/1242/417 829/1243/418 831/1244/419 869/1245/420 867/1246/421 865/1247/422 863/1248/423 861/1249/424 859/1250/425 857/1251/426 855/1252/427 839/1253/428 833/1254/429 835/1255/430 837/1256/431 841/1257/432 843/1258/433 845/1259/434 847/1260/435 849/1261/436 851/1262/437 853/1263/438 854/1264/439 852/1265/440 850/1266/441 848/1267/442 846/1268/443 844/1269/444 842/1270/445 838/1271/446 836/1272/447 834/1273/448 840/1274/449 856/1275/450 858/1276/451 860/1277/452 862/1278/453 864/1279/454 866/1280/455 868/1281/456
f 691/1282/457 131/1283/458 130/1284/459 690/1285/460 670/1286/461 650/1287/462 630/1288/463 610/1289/464 590/1290/465 570/1291/466 550/1292/467 530/1293/468 350/1294/469 310/1295/470 330/1296/471 370/1297/472 390/1298/473 410/1299/474 430/1300/475 450/1301/476 470/1302/477 490/1303/478 510/1304/479 511/1305/480 491/1306/481 471/1307/482 451/1308/483 431/1309/484 411/1310/485 391/1311/486 371/1312/487 331/1313/488 311/1314/489 351/1315/490 531/1316/491 551/1317/492 571/1318/493 591/1319/494 611/1320/495 631/1321/496 651/1322/497 671/1323/498
f 912/1577/499 874/1578/500 872/1579/501 871/1580/502 873/1581/503 911/1582/504 909/1583/505 907/1584/506 905/1585/507 903/1586/508 901/1587/509 899/1588/510 897/1589/511 881/1590/512 875/1591/513 877/1592/514 879/1593/515 883/1594/516 885/1595/517 887/1596/518 889/1597/519 891/1598/520 893/1599/521 895/1600/522 896/1601/523 894/1602/524 892/1603/525 890/1604/526 888/1605/527 886/1606/528 884/1607/529 880/1608/530 878/1609/531 876/1610/532 882/1611/533 898/1612/534 900/1613/535 902/1614/536 904/1615/537 906/1616/538 908/1617/539 910/1618/540
f 693/197/541 133/198/542 132/199/543 692/200/544 672/201/545 652/202/546 632/203/547 612/204/548 592/205/549 572/206/550 552/207/551 532/208/552 352/209/553 312/210/554 332/211/555 372/212/556 392/213/557 412/214/558 432/215/559 452/216/560 472/217/561 492/218/562 512/219/563 513/220/564 493/221/565 473/222/566 453/223/567 433/224/568 413/225/569 393/226/570 373/227/571 333/228/572 313/229/573 353/230/574 533/231/575 553/232/576 573/233/577 593/234/578 613/235/579 633/236/580 653/237/581 673/238/582
f 954/239/583 916/240/584 914/241/585 913/242/586 915/243/587 953/244/588 951/245/589 949/246/590 947/247/591 945/248/592 943/249/593 941/250/594 939/251/595 923/252/596 917/253/597 919/254/598 921/255/599 925/256/600 927/257/601 929/258/602 931/259/603 933/260/604 935/261/605 937/262/606 938/263/607 936/264/608 934/265/609 932/266/610 930/267/611 928/268/612 926/269/613 922/270/614 920/271/615 918/272/616 924/273/617 940/274/618 942/275/619 944/276/620 946/277/621 948/278/622 950/279/623 952/280/624
f 695/281/625 135/282/626 134/283/627 694/284/628 674/285/629 654/286/630 634/287/631 614/288/632 594/289/633 574/290/634 554/291/635 534/292/636 354/293/637 314/294/638 334/295/639 374/296/640 394/297/641 414/298/642 434/299/643 454/300/644 474/301/645 494/302/646 514/303/647 515/304/648 495/305/649 475/306/650 455/307/651 435/308/652 415/309/653 395/310/654 375/311/655 335/312/656 315/313/657 355/314/658 535/315/659 555/316/660 575/317/661 595/318/662 615/319/663 635/320/664 655/321/665 675/322/666
f 996/323/667 958/324/668 956/325/669 955/326/670 957/327/671 995/328/672 993/329/673 991/330/674 989/331/675 987/332/676 985/333/677 983/334/678 981/335/679 965/336/680 959/337/681 961/338/682 963/339/683 967/340/684 969/341/685 971/342/686 973/343/687 975/344/688 977/345/689 979/346/690 980/347/691 978/348/692 976/349/693 974/350/694 972/351/695 970/352/696 968/353/697 964/354/698 962/355/699 960/356/700 966/357/701 982/358/702 984/359/703 986/360/704 988/361/705 990/362/706 992/363/707 994/364/708
f 697/386/709 137/387/710 136/385/711 696/384/712 676/383/713 656/382/714 636/381/715 616/380/716 596/379/717 576/378/718 556/377/719 536/376/720 356/375/721 316/374/722 336/373/723 376/372/724 396/371/725 416/370/726 436/369/727 456/368/728 476/367/729 496/366/730 516/365/731 517/388/732 497/389/733 477/390/734 457/391/735 437/392/736 417/393/737 397/394/738 377/395/739 337/396/740 317/397/741 357/398/742 537/399/743 557/400/744 577/401/745 597/402/746 617/403/747 637/404/748 657/405/749 677/406/750
f 1038/1324/751 1000/1325/752 998/1326/753 997/1327/754 999/1328/755 1037/1329/756 1035/1330/757 1033/1331/758 1031/1332/759 1029/1333/760 1027/1334/761 1025/1335/762 1023/1336/763 1007/1337/764 1001/1338/765 1003/1339/766 1005/1340/767 1009/1341/768 1011/1342/769 1013/1343/770 1015/1344/771 1017/1345/772 1019/1346/773 1021/1347/774 1022/1348/775 1020/1349/776 1018/1350/777 1016/1351/778 1014/1352/779 1012/1353/780 1010/1354/781 1006/1355/782 1004/1356/783 1002/1357/784 1008/1358/785 1024/1359/786 1026/1360/787 1028/1361/788 1030/1362/789 1032/1363/790 1034/1364/791 1036/1365/792
f 699/1387/793 139/1388/794 138/1389/795 698/1390/796 678/1391/797 658/1392/798 638/1393/799 618/1394/800 598/1395/801 578/1396/802 558/1397/803 538/1398/804 358/1399/805 318/1400/806 338/1401/807 378/1402/808 398/1403/809 418/1404/810 438/1405/811 458/1406/812 478/1407/813 498/1408/814 518/1409/815 519/1410/816 499/1411/817 479/1412/818 459/1413/819 439/1414/820 419/1415/821 399/1416/822 379/1417/823 339/1418/824 319/1419/825 359/1420/826 539/1421/827 559/1422/828 579/1423/829 599/1424/830 619/1425/831 639/1426/832 659/1427/833 679/1428/834
f 1080/1429/835 1042/1430/836 1040/1431/837 1039/1432/838 1041/1433/839 1079/1434/840 1077/1435/841 1075/1436/842 1073/1437/843 1071/1438/844 1069/1439/845 1067/1440/846 1065/1441/847 1049/1442/848 1043/1443/849 1045/1444/850 1047/1445/851 1051/1446/852 1053/1447/853 1055/1448/854 1057/1449/855 1059/1450/856 1061/1451/857 1063/1452/858 1064/1453/859 1062/1454/860 1060/1455/861 1058/1456/862 1056/1457/863 1054/1458/864 1052/1459/865 1048/1460/866 1046/1461/867 1044/1462/868 1050/1463/869 1066/1464/870 1068/1465/871 1070/1466/872 1072/1467/873 1074/1468/874 1076/1469/875 1078/1470/876
f 701/1471/877 141/1472/878 140/1473/879 700/1474/880 680/1475/881 660/1476/882 640/1477/883 620/1478/884 600/1479/885 580/1480/886 560/1481/887 540/1482/888 360/1483/889 320/1484/890 340/1485/891 380/1486/892 400/1487/893 420/1488/894 440/1489/895 460/1490/896 480/1491/897 500/1492/898 520/1493/899 521/1494/900 501/1495/901 481/1496/902 461/1497/903 441/1498/904 421/1499/905 401/1500/906 381/1501/907 341/1502/908 321/1503/909 361/1504/910 541/1505/911 561/1506/912 581/1507/913 601/1508/914 621/1509/915 641/1510/916 661/1511/917 681/1512/918
f 1122/1640/919 1084/1641/920 1082/1642/921 1081/1643/922 1083/1644/923 1121/1645/924 1119/1646/925 1117/1647/926 1115/1648/927 1113/1649/928 1111/1650/929 1109/1651/930 1107/1652/931 1091/1653/932 1085/1654/933 1087/1655/934 1089/1656/935 1093/1657/936 1095/1658/937 1097/1659/938 1099/1660/939 1101/1661/940 1103/1662/941 1105/1663/942 1106/1664/943 1104/1665/944 1102/1666/945 1100/1667/946 1098/1668/947 1096/1669/948 1094/1670/949 1090/1671/950 1088/1672/951 1086/1673/952 1092/1674/953 1108/1675/954 1110/1676/955 1112/1677/956 1114/1678/957 1116/1679/958 1118/1680/959 1120/1681/960
f 683/407/961 123/408/962 142/409/963 702/410/964 682/411/965 662/412/966 642/413/967 622/414/968 602/415/969 582/416/970 562/417/971 542/418/972 362/419/973 322/420/974 342/421/975 382/422/976 402/423/977 422/424/978 442/425/979 462/426/980 482/427/981 502/428/982 522/429/983 503/430/984 483/431/985 463/432/986 443/433/987 423/434/988 403/435/989 383/436/990 363/437/991 323/438/992 303/439/993 343/440/994 523/441/995 543/442/996 563/443/997 583/444/998 603/445/999 623/446/1000 643/447/1001 663/448/1002
s 6
f 163/693/1003 164/694/1004 239/695/1005 240/696/1006
f 164/694/1004 163/693/1003 166/697/1007 165/698/1008
f 165/698/1008 166/697/1007 172/703/1009 171/704/1010
s 7
f 167/751/1011 168/752/1012 241/753/1013 242/754/1014
f 168/752/1012 167/751/1011 170/755/1015 169/756/1016
f 169/756/1016 170/755/1015 174/762/1017 173/763/1018
s 6
f 171/704/1010 172/703/1009 176/709/1019 175/710/1020
s 7
f 173/763/1018 174/762/1017 178/768/1021 177/769/1022
s 6
f 175/710/1020 176/709/1019 180/715/1023 179/716/1024
s 7
f 177/769/1022 178/768/1021 182/774/1025 181/775/1026
s 6
f 179/716/1024 180/715/1023 184/721/1027 183/722/1028
s 7
f 181/775/1026 182/774/1025 186/780/1029 185/781/1030
s 6
f 183/722/1028 184/721/1027 188/727/1031 187/728/1032
s 7
f 185/781/1030 186/780/1029 190/786/1033 189/787/1034
s 6
f 187/728/1032 188/727/1031 192/732/1035 191/733/1036
s 7
f 189/787/1034 190/786/1033 194/791/1037 193/792/1038
s 6
f 191/733/1036 192/732/1035 196/737/1039 195/738/1040
s 7
f 193/792/1038 194/791/1037 198/796/1041 197/797/1042
s 6
f 195/738/1040 196/737/1039 200/743/1043 199/744/1044
s 7
f 197/797/1042 198/796/1041 202/802/1045 201/803/1046
s 6
f 199/744/1044 200/743/1043 204/748/1047 203/747/1048
s 7
f 201/803/1046 202/802/1045 206/805/1049 205/804/1050
s 6
f 203/747/1048 204/748/1047 208/742/1051 207/741/1052
s 7
f 205/804/1050 206/805/1049 210/799/1053 209/798/1054
s 6
f 207/741/1052 208/742/1051 212/471/1055 211/736/1056
s 7
f 209/798/1054 210/799/1053 214/793/1057 213/472/1058
s 6
f 211/736/1056 212/471/1055 216/473/1059 215/731/1060
s 7
f 213/472/1058 214/793/1057 218/788/1061 217/474/1062
s 6
f 215/731/1060 216/473/1059 220/726/1063 219/725/1064
s 7
f 217/474/1062 218/788/1061 222/783/1065 221/782/1066
s 6
f 219/725/1064 220/726/1063 224/720/1067 223/719/1068
s 7
f 221/782/1066 222/783/1065 226/777/1069 225/776/1070
s 6
f 223/719/1068 224/720/1067 228/714/1071 227/713/1072
s 7
f 225/776/1070 226/777/1069 230/771/1073 229/770/1074
s 6
f 227/713/1072 228/714/1071 232/708/1075 231/707/1076
s 7
f 229/770/1074 230/771/1073 234/765/1077 233/764/1078
s 6
f 231/707/1076 232/708/1075 236/702/1079 235/701/1080
s 7
f 233/764/1078 234/765/1077 238/758/1081 237/757/1082
s 6
f 235/701/1080 236/702/1079 240/696/1006 239/695/1005
s 7
f 237/757/1082 238/758/1081 242/754/1014 241/753/1013
s 8
f 243/809/1083 244/810/1084 300/811/1085 301/812/1086
f 244/810/1084 243/809/1083 246/813/1087 245/814/1088
f 245/814/1088 246/813/1087 250/819/1089 249/820/1090
s 9
f 247/869/1091 243/870/1092 301/871/1093 302/872/1094
f 243/870/1092 247/869/1091 248/873/1095 246/874/1096
f 246/874/1096 248/873/1095 251/880/1097 250/881/1098
s 8
f 249/820/1090 250/819/1089 253/825/1099 252/826/1100
s 9
f 250/881/1098 251/880/1097 254/886/1101 253/887/1102
s 8
f 252/826/1100 253/825/1099 256/831/1103 255/832/1104
s 9
f 253/887/1102 254/886/1101 257/892/1105 256/893/1106
s 8
f 255/832/1104 256/831/1103 259/837/1107 258/838/1108
s 9
f 256/893/1106 257/892/1105 260/898/1109 259/899/1110
s 8
f 258/838/1108 259/837/1107 262/843/1111 261/844/1112
s 9
f 259/899/1110 260/898/1109 263/904/1113 262/843/1114
s 8
f 261/844/1112 262/843/1111 265/849/1115 264/850/1116
s 9
f 262/843/1114 263/904/1113 266/909/1117 265/849/1118
s 8
f 264/850/1116 265/849/1115 268/855/1119 267/856/1120
s 9
f 265/849/1118 266/909/1117 269/914/1121 268/915/1122
s 8
f 267/856/1120 268/855/1119 271/861/1123 270/862/1124
s 9
f 268/915/1122 269/914/1121 272/920/1125 271/921/1126
s 8
f 270/862/1124 271/861/1123 274/866/1127 273/865/1128
s 9
f 271/921/1126 272/920/1125 275/923/1129 274/922/1130
s 8
f 273/865/1128 274/866/1127 277/860/1131 276/859/1132
s 9
f 274/922/1130 275/923/1129 278/917/1133 277/916/1134
s 8
f 276/859/1132 277/860/1131 280/854/1135 279/853/1136
s 9
f 277/916/1134 278/917/1133 281/911/1137 280/910/1138
s 8
f 279/853/1136 280/854/1135 283/848/1139 282/847/1140
s 9
f 280/910/1138 281/911/1137 284/906/1141 283/905/1142
s 8
f 282/847/1140 283/848/1139 286/842/1143 285/841/1144
s 9
f 283/905/1142 284/906/1141 287/901/1145 286/900/1146
s 8
f 285/841/1144 286/842/1143 289/836/1147 288/835/1148
s 9
f 286/900/1146 287/901/1145 290/895/1149 289/894/1150
s 8
f 288/835/1148 289/836/1147 292/830/1151 291/829/1152
s 9
f 289/894/1150 290/895/1149 293/889/1153 292/888/1154
s 8
f 291/829/1152 292/830/1151 295/824/1155 294/823/1156
s 9
f 292/888/1154 293/889/1153 296/883/1157 295/882/1158
s 8
f 294/823/1156 295/824/1155 298/818/1159 297/817/1160
s 9
f 295/882/1158 296/883/1157 299/876/1161 298/875/1162
s 8
f 297/817/1160 298/818/1159 301/812/1086 300/811/1085
s 9
f 298/875/1162 299/876/1161 302/872/1094 301/871/1093
s 10
f 166/449/1163 163/450/1164 168/451/1165 169/452/1166
f 172/455/1167 166/449/1163 169/452/1166 173/456/1168
f 176/459/1169 172/455/1167 173/456/1168 177/460/1170
f 180/461/1171 176/459/1169 177/460/1170 181/462/1172
f 184/1513/1173 180/1514/1171 181/1515/1172 185/1516/1174
f 188/1517/1175 184/1513/1173 185/1516/1174 189/1518/1176
f 192/1519/1177 188/1517/1175 189/1518/1176 193/1520/1178
f 196/467/1179 192/1519/1177 193/1520/1178 197/468/1180
f 200/464/1181 196/467/1179 197/468/1180 201/465/1182
f 204/463/1183 200/464/1181 201/465/1182 205/466/1184
f 208/469/1185 204/463/1183 205/466/1184 209/470/1186
f 212/471/1187 208/469/1185 209/470/1186 213/472/1188
f 216/473/1189 212/471/1187 213/472/1188 217/474/1190
f 220/475/1191 216/473/1189 217/474/1190 221/476/1192
f 224/1521/1193 220/475/1191 221/476/1192 225/1522/1194
f 228/1523/1195 224/1521/1193 225/1522/1194 229/1524/1196
f 232/1525/1197 228/1523/1195 229/1524/1196 233/1526/1198
f 236/457/1199 232/1525/1197 233/1526/1198 237/458/1200
f 240/453/1201 236/457/1199 237/458/1200 241/454/1202
f 163/450/1164 240/453/1201 241/454/1202 168/451/1165
s 11
f 44/705/1203 43/699/1204 164/694/1205 165/698/1206
s 12
f 103/760/1207 104/761/1208 170/755/1209 167/751/1210
s 11
f 45/711/1211 44/705/1203 165/698/1206 171/704/1212
s 12
f 104/761/1208 105/767/1213 174/762/1214 170/755/1209
s 11
f 46/717/1215 45/711/1211 171/704/1212 175/710/1216
s 12
f 105/767/1213 106/773/1217 178/768/1218 174/762/1214
s 11
f 47/723/1219 46/717/1215 175/710/1216 179/716/1220
s 12
f 106/773/1217 107/779/1221 182/774/1222 178/768/1218
s 11
f 48/729/1223 47/723/1219 179/716/1220 183/722/1224
s 12
f 107/779/1221 108/785/1225 186/780/1226 182/774/1222
s 11
f 49/734/1227 48/729/1223 183/722/1224 187/728/1228
s 12
f 108/785/1225 109/790/1229 190/786/1230 186/780/1226
s 11
f 50/739/1231 49/734/1227 187/728/1228 191/733/1232
s 12
f 109/790/1229 110/795/1233 194/791/1234 190/786/1230
s 11
f 51/745/1235 50/739/1231 191/733/1232 195/738/1236
s 12
f 110/795/1233 111/801/1237 198/796/1238 194/791/1234
s 11
f 52/749/1239 51/745/1235 195/738/1236 199/744/1240
s 12
f 111/801/1237 112/807/1241 202/802/1242 198/796/1238
s 11
f 53/750/1243 52/749/1239 199/744/1240 203/747/1244
s 12
f 112/807/1241 113/808/1245 206/805/1246 202/802/1242
s 11
f 54/746/1247 53/750/1243 203/747/1244 207/741/1248
s 12
f 113/808/1245 114/806/1249 210/799/1250 206/805/1246
s 11
f 55/740/1251 54/746/1247 207/741/1248 211/736/1252
s 12
f 114/806/1249 115/800/1253 214/793/1254 210/799/1250
s 11
f 56/735/1255 55/740/1251 211/736/1252 215/731/1256
s 12
f 115/800/1253 116/794/1257 218/788/1258 214/793/1254
s 11
f 57/730/1259 56/735/1255 215/731/1256 219/725/1260
s 12
f 116/794/1257 117/789/1261 222/783/1262 218/788/1258
s 11
f 58/724/1263 57/730/1259 219/725/1260 223/719/1264
s 12
f 117/789/1261 118/784/1265 226/777/1266 222/783/1262
s 11
f 59/718/1267 58/724/1263 223/719/1264 227/713/1268
s 12
f 118/784/1265 119/778/1269 230/771/1270 226/777/1266
s 11
f 60/712/1271 59/718/1267 227/713/1268 231/707/1272
s 12
f 119/778/1269 120/772/1273 234/765/1274 230/771/1270
s 11
f 61/706/1275 60/712/1271 231/707/1272 235/701/1276
s 12
f 120/772/1273 121/766/1277 238/758/1278 234/765/1274
s 11
f 62/700/1279 61/706/1275 235/701/1276 239/695/1280
s 12
f 121/766/1277 122/759/1281 242/754/1282 238/758/1278
s 11
f 43/699/1204 62/700/1279 239/695/1280 164/694/1205
s 12
f 122/759/1281 103/760/1207 167/751/1210 242/754/1282
s 13
f 84/821/1283 83/815/1284 244/810/1285 245/814/1286
s 14
f 63/878/1287 64/879/1288 248/873/1289 247/869/1290
s 13
f 85/827/1291 84/821/1283 245/814/1286 249/820/1292
s 14
f 64/879/1288 65/885/1293 251/880/1294 248/873/1289
s 13
f 86/833/1295 85/827/1291 249/820/1292 252/826/1296
s 14
f 65/885/1293 66/891/1297 254/886/1298 251/880/1294
s 13
f 87/839/1299 86/833/1295 252/826/1296 255/832/1300
s 14
f 66/891/1297 67/897/1301 257/892/1302 254/886/1298
s 13
f 88/845/1303 87/839/1299 255/832/1300 258/838/1304
s 14
f 67/897/1301 68/903/1305 260/898/1306 257/892/1302
s 13
f 89/851/1307 88/845/1303 258/838/1304 261/844/1308
s 14
f 68/903/1305 69/908/1309 263/904/1310 260/898/1306
s 13
f 90/857/1311 89/851/1307 261/844/1308 264/850/1312
s 14
f 69/908/1309 70/913/1313 266/909/1314 263/904/1310
s 13
f 91/863/1315 90/857/1311 264/850/1312 267/856/1316
s 14
f 70/913/1313 71/919/1317 269/914/1318 266/909/1314
s 13
f 92/867/1319 91/863/1315 267/856/1316 270/862/1320
s 14
f 71/919/1317 72/925/1321 272/920/1322 269/914/1318
s 13
f 93/868/1323 92/867/1319 270/862/1320 273/865/1324
s 14
f 72/925/1321 73/926/1325 275/923/1326 272/920/1322
s 13
f 94/864/1327 93/868/1323 273/865/1324 276/859/1328
s 14
f 73/926/1325 74/924/1329 278/917/1330 275/923/1326
s 13
f 95/858/1331 94/864/1327 276/859/1328 279/853/1332
s 14
f 74/924/1329 75/918/1333 281/911/1334 278/917/1330
s 13
f 96/852/1335 95/858/1331 279/853/1332 282/847/1336
s 14
f 75/918/1333 76/912/1337 284/906/1338 281/911/1334
s 13
f 97/846/1339 96/852/1335 282/847/1336 285/841/1340
s 14
f 76/912/1337 77/907/1341 287/901/1342 284/906/1338
s 13
f 98/840/1343 97/846/1339 285/841/1340 288/835/1344
s 14
f 77/907/1341 78/902/1345 290/895/1346 287/901/1342
s 13
f 99/834/1347 98/840/1343 288/835/1344 291/829/1348
s 14
f 78/902/1345 79/896/1349 293/889/1350 290/895/1346
s 13
f 100/828/1351 99/834/1347 291/829/1348 294/823/1352
s 14
f 79/896/1349 80/890/1353 296/883/1354 293/889/1350
s 13
f 101/822/1355 100/828/1351 294/823/1352 297/817/1356
s 14
f 80/890/1353 81/884/1357 299/876/1358 296/883/1354
s 13
f 102/816/1359 101/822/1355 297/817/1356 300/811/1360
s 14
f 81/884/1357 82/877/1361 302/872/1362 299/876/1358
s 13
f 83/815/1284 102/816/1359 300/811/1360 244/810/1285
s 14
f 82/877/1361 63/878/1287 247/869/1290 302/872/1362
s off
f 124/927/1363 123/928/1364 703/929/1365 704/930/1366
f 503/985/1367 504/986/1368 728/987/1369 727/988/1370
f 126/937/1371 125/934/1372 745/943/1373 746/944/1374
f 505/994/1375 506/998/1376 770/1005/1377 769/1006/1378
f 786/113/1379 784/154/1380 782/153/1381 780/152/1382 778/151/1383 776/150/1384 774/149/1385 772/148/1386 756/147/1387 750/146/1388 752/145/1389 754/144/1390 758/143/1391 760/142/1392 762/141/1393 764/140/1394 766/139/1395 768/138/1396 770/137/1397 506/155/1398 486/156/1399 466/157/1400 446/158/1401 426/159/1402 406/160/1403 386/161/1404 366/162/1405 326/163/1406 306/164/1407 346/165/1408 526/166/1409 546/167/1410 566/168/1411 586/169/1412 606/170/1413 626/171/1414 646/172/1415 666/173/1416 686/174/1417 126/175/1418 746/115/1419 748/114/1420
f 128/949/1421 127/945/1422 787/955/1423 788/956/1424
f 827/1140/1425 789/1139/1426 787/1138/1427 127/1177/1428 687/1178/1429 667/1179/1430 647/1180/1431 627/1181/1432 607/1182/1433 587/1183/1434 567/1184/1435 547/1185/1436 527/1186/1437 347/1187/1438 307/1188/1439 327/1189/1440 367/1190/1441 387/1191/1442 407/1192/1443 427/1193/1444 447/1194/1445 467/1195/1446 487/1196/1447 507/1197/1448 811/1158/1449 809/1157/1450 807/1156/1451 805/1155/1452 803/1154/1453 801/1153/1454 799/1152/1455 795/1151/1456 793/1150/1457 791/1149/1458 797/1148/1459 813/1147/1460 815/1146/1461 817/1145/1462 819/1144/1463 821/1143/1464 823/1142/1465 825/1141/1466
f 507/1004/1467 508/1010/1468 812/1017/1469 811/1018/1470
f 130/961/1471 129/957/1472 829/967/1473 830/968/1474
f 509/1016/1475 510/1021/1476 854/1028/1477 853/1029/1478
f 132/973/1479 131/969/1480 871/979/1481 872/980/1482
f 911/1582/1483 873/1581/1484 871/1580/1485 131/1619/1486 691/1620/1487 671/1621/1488 651/1622/1489 631/1623/1490 611/1624/1491 591/1625/1492 571/1626/1493 551/1627/1494 531/1628/1495 351/1629/1496 311/1630/1497 331/1631/1498 371/1632/1499 391/1633/1500 411/1634/1501 431/1635/1502 451/1636/1503 471/1637/1504 491/1638/1505 511/1639/1506 895/1600/1507 893/1599/1508 891/1598/1509 889/1597/1510 887/1596/1511 885/1595/1512 883/1594/1513 879/1593/1514 877/1592/1515 875/1591/1516 881/1590/1517 897/1589/1518 899/1588/1519 901/1587/1520 903/1586/1521 905/1585/1522 907/1584/1523 909/1583/1524
f 511/1027/1525 512/1033/1526 896/1040/1527 895/1041/1528
f 134/976/1529 133/981/1530 913/983/1531 914/984/1532
f 513/1039/1533 514/1034/1534 938/1042/1535 937/1043/1536
f 136/964/1537 135/972/1538 955/977/1539 956/978/1540
f 515/1030/1541 516/1022/1542 980/1036/1543 979/1037/1544
f 996/323/1545 994/364/1546 992/363/1547 990/362/1548 988/361/1549 986/360/1550 984/359/1551 982/358/1552 966/357/1553 960/356/1554 962/355/1555 964/354/1556 968/353/1557 970/352/1558 972/351/1559 974/350/1560 976/349/1561 978/348/1562 980/347/1563 516/365/1564 496/366/1565 476/367/1566 456/368/1567 436/369/1568 416/370/1569 396/371/1570 376/372/1571 336/373/1572 316/374/1573 356/375/1574 536/376/1575 556/377/1576 576/378/1577 596/379/1578 616/380/1579 636/381/1580 656/382/1581 676/383/1582 696/384/1583 136/385/1584 956/325/1585 958/324/1586
f 138/952/1587 137/960/1588 997/965/1589 998/966/1590
f 1037/1329/1591 999/1328/1592 997/1327/1593 137/1366/1594 697/1367/1595 677/1368/1596 657/1369/1597 637/1370/1598 617/1371/1599 597/1372/1600 577/1373/1601 557/1374/1602 537/1375/1603 357/1376/1604 317/1377/1605 337/1378/1606 377/1379/1607 397/1380/1608 417/1381/1609 437/1382/1610 457/1383/1611 477/1384/1612 497/1385/1613 517/1386/1614 1021/1347/1615 1019/1346/1616 1017/1345/1617 1015/1344/1618 1013/1343/1619 1011/1342/1620 1009/1341/1621 1005/1340/1622 1003/1339/1623 1001/1338/1624 1007/1337/1625 1023/1336/1626 1025/1335/1627 1027/1334/1628 1029/1333/1629 1031/1332/1630 1033/1331/1631 1035/1330/1632
f 517/1019/1633 518/1011/1634 1022/1024/1635 1021/1025/1636
f 140/940/1637 139/948/1638 1039/953/1639 1040/954/1640
f 519/1007/1641 520/999/1642 1064/1013/1643 1063/1014/1644
f 142/933/1645 141/936/1646 1081/941/1647 1082/942/1648
f 1121/1645/1649 1083/1644/1650 1081/1643/1651 141/1682/1652 701/1683/1653 681/1684/1654 661/1685/1655 641/1686/1656 621/1687/1657 601/1688/1658 581/1689/1659 561/1690/1660 541/1691/1661 361/1692/1662 321/1693/1663 341/1694/1664 381/1695/1665 401/1696/1666 421/1697/1667 441/1698/1668 461/1699/1669 481/1700/1670 501/1701/1671 521/1702/1672 1105/1663/1673 1103/1662/1674 1101/1661/1675 1099/1660/1676 1097/1659/1677 1095/1658/1678 1093/1657/1679 1089/1656/1680 1087/1655/1681 1085/1654/1682 1091/1653/1683 1107/1652/1684 1109/1651/1685 1111/1650/1686 1113/1649/1687 1115/1648/1688 1117/1647/1689 1119/1646/1690
f 521/995/1691 522/991/1692 1106/1001/1693 1105/1002/1694
s 15
f 144/477/1695 1144/478/1696 1143/479/1697 143/480/1698 83/481/1699 84/482/1700
f 145/483/1701 1145/484/1702 1144/478/1696 144/477/1695 84/482/1700 85/485/1703
f 146/489/1704 1146/490/1705 1145/484/1702 145/483/1701 85/485/1703 86/491/1706
f 147/495/1707 1147/496/1708 1146/490/1705 146/489/1704 86/491/1706 87/497/1709
f 148/1527/1710 1148/1528/1711 1147/1529/1708 147/495/1707 87/497/1709 88/1530/1712
f 149/1531/1713 1149/1532/1714 1148/1528/1711 148/1527/1710 88/1530/1712 89/1533/1715
f 150/1534/1716 1150/1535/1717 1149/1532/1714 149/1531/1713 89/1533/1715 90/1536/1718
f 151/508/1719 1151/1537/1720 1150/1535/1717 150/1534/1716 90/1536/1718 91/509/1721
f 152/501/1722 1152/500/1723 1151/507/1720 151/508/1719 91/509/1721 92/502/1724
f 153/498/1725 1153/499/1726 1152/500/1723 152/501/1722 92/502/1724 93/503/1727
f 154/504/1728 1154/505/1729 1153/499/1726 153/498/1725 93/503/1727 94/506/1730
f 155/510/1731 1155/511/1732 1154/505/1729 154/504/1728 94/506/1730 95/512/1733
f 156/513/1734 1156/514/1735 1155/511/1732 155/510/1731 95/512/1733 96/515/1736
f 157/516/1737 1157/517/1738 1156/514/1735 156/513/1734 96/515/1736 97/518/1739
f 158/1538/1740 1158/1539/1741 1157/1540/1738 157/516/1737 97/518/1739 98/1541/1742
f 159/1542/1743 1159/1543/1744 1158/1539/1741 158/1538/1740 98/1541/1742 99/1544/1745
f 160/1545/1746 1160/1546/1747 1159/1543/1744 159/1542/1743 99/1544/1745 100/1547/1748
f 161/1548/1749 1161/1549/1750 1160/1546/1747 160/1545/1746 100/1547/1748 101/1550/1751
f 162/487/1752 1162/486/1753 1161/492/1750 161/493/1749 101/494/1751 102/488/1754
f 143/480/1698 1143/479/1697 1162/486/1753 162/487/1752 102/488/1754 83/481/1699
s 16
f 1163/989/1755 503/985/1756 522/991/1757 1201/992/1758
f 503/985/1756 1163/989/1755 1164/990/1759 504/986/1760
f 504/986/1760 1164/990/1759 1167/993/1761 505/994/1762
s 17
f 1143/1044/1763 1165/1045/1764 1202/1046/1765 1162/1047/1766
f 1165/1045/1764 1143/1044/1763 1144/1048/1767 1166/1049/1768
f 1166/1049/1768 1144/1048/1767 1145/1052/1769 1168/1053/1770
s 16
f 505/994/1762 1167/993/1761 1169/997/1771 506/998/1772
s 17
f 1168/1053/1770 1145/1052/1769 1146/1056/1773 1170/1057/1774
s 16
f 506/998/1772 1169/997/1771 1171/1003/1775 507/1004/1776
s 17
f 1170/1057/1774 1146/1056/1773 1147/1060/1777 1172/1061/1778
s 16
f 507/1004/1776 1171/1003/1775 1173/1009/1779 508/1010/1780
s 17
f 1172/1061/1778 1147/1060/1777 1148/1064/1781 1174/1065/1782
s 16
f 508/1010/1780 1173/1009/1779 1175/1015/1783 509/1016/1784
s 17
f 1174/1065/1782 1148/1064/1781 1149/1067/1785 1176/1068/1786
s 16
f 509/1016/1784 1175/1015/1783 1177/1020/1787 510/1021/1788
s 17
f 1176/1068/1786 1149/1067/1785 1150/1071/1789 1178/1072/1790
s 16
f 510/1021/1788 1177/1020/1787 1179/1026/1791 511/1027/1792
s 17
f 1178/1072/1790 1150/1071/1789 1151/1075/1793 1180/1076/1794
s 16
f 511/1027/1792 1179/1026/1791 1181/1032/1795 512/1033/1796
s 17
f 1180/1076/1794 1151/1075/1793 1152/1079/1797 1182/1080/1798
s 16
f 512/1033/1796 1181/1032/1795 1183/1038/1799 513/1039/1800
s 17
f 1182/1080/1798 1152/1079/1797 1153/1082/1801 1184/1081/1802
s 16
f 513/1039/1800 1183/1038/1799 1185/1035/1803 514/1034/1804
s 17
f 1184/1081/1802 1153/1082/1801 1154/1078/1805 1186/1077/1806
s 16
f 514/1034/1804 1185/1035/1803 1187/1031/1807 515/1030/1808
s 17
f 1186/1077/1806 1154/1078/1805 1155/1074/1809 1188/1073/1810
s 16
f 515/1030/1808 1187/1031/1807 1189/1023/1811 516/1022/1812
s 17
f 1188/1073/1810 1155/1074/1809 1156/1070/1813 1190/1069/1814
s 16
f 516/1022/1812 1189/1023/1811 1191/545/1815 517/1019/1816
s 17
f 1190/1069/1814 1156/1070/1813 1157/1066/1817 1192/546/1818
s 16
f 517/1019/1816 1191/545/1815 1193/1012/1819 518/1011/1820
s 17
f 1192/546/1818 1157/1066/1817 1158/1063/1821 1194/1062/1822
s 16
f 518/1011/1820 1193/1012/1819 1195/1008/1823 519/1007/1824
s 17
f 1194/1062/1822 1158/1063/1821 1159/1059/1825 1196/1058/1826
s 16
f 519/1007/1824 1195/1008/1823 1197/1000/1827 520/999/1828
s 17
f 1196/1058/1826 1159/1059/1825 1160/1055/1829 1198/1054/1830
s 16
f 520/999/1828 1197/1000/1827 1199/996/1831 521/995/1832
s 17
f 1198/1054/1830 1160/1055/1829 1161/1051/1833 1200/1050/1834
s 16
f 521/995/1832 1199/996/1831 1201/992/1758 522/991/1757
s 17
f 1200/1050/1834 1161/1051/1833 1162/1047/1766 1202/1046/1765
s 18
f 1203/1083/1835 1123/1084/1836 1142/1085/1837 1241/551/1838
f 1123/1084/1836 1203/1083/1835 1204/1086/1839 1124/1087/1840
f 1124/1087/1840 1204/1086/1839 1207/1089/1841 1125/1090/1842
s 19
f 123/928/1843 1205/931/1844 1242/552/1845 142/933/1846
f 1205/931/1844 123/928/1843 124/927/1847 1206/932/1848
f 1206/932/1848 124/927/1847 125/934/1849 1208/935/1850
s 18
f 1125/1090/1842 1207/1089/1841 1209/1093/1851 1126/1094/1852
s 19
f 1208/935/1850 125/934/1849 126/937/1853 1210/938/1854
s 18
f 1126/1094/1852 1209/1093/1851 1211/1097/1855 1127/1098/1856
s 19
f 1210/938/1854 126/937/1853 127/945/1857 1212/946/1858
s 18
f 1127/1098/1856 1211/1097/1855 1213/1101/1859 1128/1102/1860
s 19
f 1212/946/1858 127/945/1857 128/949/1861 1214/950/1862
s 18
f 1128/1102/1860 1213/1101/1859 1215/1105/1863 1129/1106/1864
s 19
f 1214/950/1862 128/949/1861 129/957/1865 1216/958/1866
s 18
f 1129/1106/1864 1215/1105/1863 1217/1109/1867 1130/1110/1868
s 19
f 1216/958/1866 129/957/1865 130/961/1869 1218/962/1870
s 18
f 1130/1110/1868 1217/1109/1867 1219/1113/1871 1131/1114/1872
s 19
f 1218/962/1870 130/961/1869 131/969/1873 1220/970/1874
s 18
f 1131/1114/1872 1219/1113/1871 1221/1117/1875 1132/1118/1876
s 19
f 1220/970/1874 131/969/1873 132/973/1877 1222/974/1878
s 18
f 1132/1118/1876 1221/1117/1875 1223/1120/1879 1133/1119/1880
s 19
f 1222/974/1878 132/973/1877 133/981/1881 1224/982/1882
s 18
f 1133/1119/1880 1223/1120/1879 1225/1116/1883 1134/1115/1884
s 19
f 1224/982/1882 133/981/1881 134/976/1885 1226/975/1886
s 18
f 1134/1115/1884 1225/1116/1883 1227/1112/1887 1135/1111/1888
s 19
f 1226/975/1886 134/976/1885 135/972/1889 1228/971/1890
s 18
f 1135/1111/1888 1227/1112/1887 1229/1108/1891 1136/1107/1892
s 19
f 1228/971/1890 135/972/1889 136/964/1893 1230/963/1894
s 18
f 1136/1107/1892 1229/1108/1891 1231/1104/1895 1137/1103/1896
s 19
f 1230/963/1894 136/964/1893 137/960/1897 1232/959/1898
s 18
f 1137/1103/1896 1231/1104/1895 1233/1100/1899 1138/1099/1900
s 19
f 1232/959/1898 137/960/1897 138/952/1901 1234/951/1902
s 18
f 1138/1099/1900 1233/1100/1899 1235/1096/1903 1139/1095/1904
s 19
f 1234/951/1902 138/952/1901 139/948/1905 1236/947/1906
s 18
f 1139/1095/1904 1235/1096/1903 1237/1092/1907 1140/1091/1908
s 19
f 1236/947/1906 139/948/1905 140/940/1909 1238/939/1910
s 18
f 1140/1091/1908 1237/1092/1907 1239/555/1911 1141/1088/1912
s 19
f 1238/939/1910 140/940/1909 141/936/1913 1240/556/1914
s 18
f 1141/1088/1912 1239/555/1911 1241/551/1838 1142/1085/1837
s 19
f 1240/556/1914 141/936/1913 142/933/1846 1242/552/1845
s 20
f 1164/519/1915 1163/520/1916 1165/521/1917 1166/522/1918
f 1167/525/1919 1164/519/1915 1166/522/1918 1168/526/1920
f 1169/529/1921 1167/525/1919 1168/526/1920 1170/530/1922
f 1171/531/1923 1169/529/1921 1170/530/1922 1172/532/1924
f 1173/1551/1925 1171/1552/1923 1172/1553/1924 1174/1554/1926
f 1175/1555/1927 1173/1551/1925 1174/1554/1926 1176/1556/1928
f 1177/1557/1929 1175/1555/1927 1176/1556/1928 1178/1558/1930
f 1179/537/1931 1177/1557/1929 1178/1558/1930 1180/538/1932
f 1181/534/1933 1179/537/1931 1180/538/1932 1182/535/1934
f 1183/533/1935 1181/534/1933 1182/535/1934 1184/536/1936
f 1185/539/1937 1183/533/1935 1184/536/1936 1186/540/1938
f 1187/541/1939 1185/539/1937 1186/540/1938 1188/542/1940
f 1189/543/1941 1187/541/1939 1188/542/1940 1190/544/1942
f 1191/545/1943 1189/543/1941 1190/544/1942 1192/546/1944
f 1193/1012/1945 1191/545/1943 1192/546/1944 1194/1062/1946
f 1195/1559/1947 1193/1012/1945 1194/1062/1946 1196/1560/1948
f 1197/1561/1949 1195/1559/1947 1196/1560/1948 1198/1562/1950
f 1199/527/1951 1197/1561/1949 1198/1562/1950 1200/528/1952
f 1201/523/1953 1199/527/1951 1200/528/1952 1202/524/1954
f 1163/520/1916 1201/523/1953 1202/524/1954 1165/521/1917
s 21
f 1204/547/1955 1203/548/1956 1205/549/1957 1206/550/1958
f 1207/553/1959 1204/547/1955 1206/550/1958 1208/554/1960
f 1209/557/1961 1207/553/1959 1208/554/1960 1210/558/1962
f 1211/559/1963 1209/557/1961 1210/558/1962 1212/560/1964
f 1213/1563/1965 1211/559/1963 1212/560/1964 1214/1564/1966
f 1215/1565/1967 1213/1563/1965 1214/1564/1966 1216/1566/1968
f 1217/1567/1969 1215/1565/1967 1216/1566/1968 1218/1568/1970
f 1219/1569/1971 1217/1567/1969 1218/1568/1970 1220/1570/1972
f 1221/562/1973 1219/565/1971 1220/566/1972 1222/563/1974
f 1223/561/1975 1221/562/1973 1222/563/1974 1224/564/1976
f 1225/567/1977 1223/561/1975 1224/564/1976 1226/568/1978
f 1227/569/1979 1225/567/1977 1226/568/1978 1228/570/1980
f 1229/571/1981 1227/569/1979 1228/570/1980 1230/572/1982
f 1231/573/1983 1229/571/1981 1230/572/1982 1232/574/1984
f 1233/1571/1985 1231/573/1983 1232/574/1984 1234/1572/1986
f 1235/1573/1987 1233/1571/1985 1234/1572/1986 1236/1574/1988
f 1237/1575/1989 1235/1573/1987 1236/1574/1988 1238/1576/1990
f 1239/555/1991 1237/1575/1989 1238/1576/1990 1240/556/1992
f 1241/551/1993 1239/555/1991 1240/556/1992 1242/552/1994
f 1203/548/1956 1241/551/1993 1242/552/1994 1205/549/1957
